cluster_label,supertype_label,subclass_label,neighborhood_label,class_label,cluster_size,F,M,ACA,AI,AUD,CLA,ENT,HIP,MOp,MOs.FRP,PL.ILA.ORB,PTLp,RHP,RSP,SSp,SSs.GU.VISC.AIp,TEa.PERI.ECT,VIS,cell_type_accession_label
1_CR,CR Trp73,CR,Other,Glutamatergic,315,0.231746,0.768254,0.022222,0.025397,0.006349,0,0.168254,0.111111,0.038095,0.044444,0.098413,0.003175,0.136508,0.028571,0.003175,0.003175,0.149206,0.161905,CCN19103010000001
2_Meis2,Meis2,Meis2,Other,GABAergic,25,0.24,0.76,0.04,0.12,0,0,0,0,0.04,0.04,0.72,0.04,0,0,0,0,0,0,CCN19103010000002
3_Meis2,Meis2,Meis2,Other,GABAergic,127,0.181102,0.818898,0.007874,0,0.007874,0,0,0,0.007874,0.03937,0.488189,0.007874,0,0,0.015748,0.007874,0.023622,0.393701,CCN19103010000003
4_Meis2 HPF,Meis2 HPF,Sncg,CGE,GABAergic,183,0.431694,0.568306,0,0,0,0,0.10929,0.213115,0.005464,0,0.005464,0,0.666667,0,0,0,0,0,CCN19103010000004
5_Lamp5 Lhx6,Lamp5 Lhx6,Lamp5,CGE,GABAergic,466,0.517167,0.482833,0.008584,0.01073,0,0,0.124464,0.761803,0.002146,0,0.006438,0,0.064378,0,0,0.002146,0.019313,0,CCN19103010000005
6_Lamp5 Lhx6,Lamp5 Lhx6,Lamp5,CGE,GABAergic,1542,0.299611,0.700389,0.077173,0.061608,0.01751,0,0.063554,0.191958,0.13035,0.022049,0.059014,0.010376,0.045396,0.021401,0.02594,0.018158,0.053826,0.201686,CCN19103010000006
7_Lamp5 Lhx6,Lamp5 Lhx6,Lamp5,CGE,GABAergic,3204,0.435393,0.564607,0.024657,0.034332,0.002497,0,0.100811,0.651685,0.031835,0.006554,0.020599,0.001873,0.071161,0.006242,0.003745,0.00437,0.015605,0.024032,CCN19103010000007
8_Lamp5 Lhx6,Lamp5 Lhx6,Lamp5,CGE,GABAergic,444,0.504505,0.495495,0,0,0,0,0.047297,0.923423,0,0,0,0,0.024775,0,0,0,0.004505,0,CCN19103010000008
9_Lamp5 Lhx6,Lamp5 Lhx6,Lamp5,CGE,GABAergic,41,0.585366,0.414634,0,0,0,0,0,1,0,0,0,0,0,0,0,0,0,0,CCN19103010000009
10_Lamp5,Lamp5 Pdlim5,Lamp5,CGE,GABAergic,1535,0.440391,0.559609,0.016938,0.058632,0.007166,0,0.375896,0.125081,0,0,0.091857,0,0.123779,0.020847,0,0.016938,0.152443,0.010423,CCN19103010000010
11_Lamp5,Lamp5 Pdlim5,Lamp5,CGE,GABAergic,7276,0.361875,0.638125,0.062397,0.043568,0.047004,0,0.020753,0.047279,0.13249,0.082188,0.029137,0.020341,0.029274,0.079714,0.055662,0.045767,0.027075,0.27735,CCN19103010000011
12_Lamp5,Lamp5 Pdlim5,Lamp5,CGE,GABAergic,22346,0.349011,0.650989,0.06019,0.064531,0.051732,0,0.037725,0.015797,0.164862,0.079522,0.054193,0.01969,0.017363,0.0341,0.031012,0.034145,0.075584,0.259554,CCN19103010000012
13_Lamp5,Lamp5 Egln3,Lamp5,CGE,GABAergic,628,0.371019,0.628981,0.033439,0.121019,0.046178,0,0.017516,0,0.165605,0.068471,0.042994,0.02707,0.004777,0.025478,0.049363,0.057325,0.073248,0.267516,CCN19103010000013
14_Lamp5,Lamp5 Egln3,Lamp5,CGE,GABAergic,1228,0.384365,0.615635,0.069218,0.083876,0.060261,0,0.043974,0.013029,0.147394,0.078176,0.082248,0.021987,0.020358,0.032573,0.040717,0.050489,0.066775,0.188925,CCN19103010000014
15_Lamp5,Lamp5 Egln3,Lamp5,CGE,GABAergic,2143,0.371909,0.628091,0.070495,0.057423,0.052754,0,0.00747,0.012138,0.148459,0.087768,0.029412,0.031279,0.007937,0.044818,0.060691,0.042017,0.036415,0.310924,CCN19103010000015
16_Lamp5,Lamp5 Egln3,Lamp5,CGE,GABAergic,2403,0.357886,0.642114,0.059509,0.038285,0.048273,0,0.006242,0.040782,0.143571,0.084894,0.030795,0.02164,0.01831,0.069496,0.054515,0.047441,0.03454,0.301706,CCN19103010000016
17_Lamp5,Lamp5 Egln3,Lamp5,CGE,GABAergic,533,0.45591,0.54409,0.033771,0.071295,0.009381,0,0.108818,0.129456,0.018762,0.003752,0.159475,0,0.076923,0.018762,0,0.043152,0.290807,0.035647,CCN19103010000017
18_Lamp5,Lamp5 Egln3,Lamp5,CGE,GABAergic,1542,0.363813,0.636187,0.066796,0.055772,0.058366,0,0.027237,0.022698,0.122568,0.053178,0.046044,0.026589,0.016861,0.046693,0.035019,0.050584,0.076524,0.295071,CCN19103010000018
19_Pax6,Pax6,Lamp5,CGE,GABAergic,1455,0.375945,0.624055,0.024742,0.127148,0.105842,0,0.023368,0,0.153952,0.039863,0.031615,0.021993,0.000687,0.014433,0.027491,0.076289,0.130584,0.221993,CCN19103010000019
20_Pax6,Pax6,Lamp5,CGE,GABAergic,163,0.404908,0.595092,0.01227,0.361963,0.018405,0,0.09816,0.018405,0.202454,0.030675,0.06135,0,0.01227,0.006135,0.006135,0.04908,0.07362,0.04908,CCN19103010000020
21_Sncg,Sncg Serpinf1,Sncg,CGE,GABAergic,321,0.292835,0.707165,0.05919,0.084112,0.009346,0,0.018692,0.043614,0.308411,0.043614,0.084112,0.034268,0.015576,0.024922,0.031153,0.024922,0.046729,0.17134,CCN19103010000021
22_Sncg,Sncg Serpinf1,Sncg,CGE,GABAergic,170,0.288235,0.711765,0.141176,0.052941,0.011765,0,0.052941,0.047059,0.223529,0.011765,0.117647,0.011765,0.082353,0.005882,0.023529,0.011765,0.041176,0.164706,CCN19103010000022
23_Sncg,Sncg Serpinf1,Sncg,CGE,GABAergic,307,0.260586,0.739414,0.068404,0.071661,0.039088,0,0.003257,0.003257,0.433225,0.052117,0.094463,0.016287,0.003257,0.006515,0.045603,0.035831,0.032573,0.094463,CCN19103010000023
24_Sncg,Sncg Serpinf1,Sncg,CGE,GABAergic,698,0.275072,0.724928,0.051576,0.098854,0.051576,0,0.017192,0.001433,0.336676,0.083095,0.058739,0.011461,0.001433,0.02149,0.032951,0.027221,0.058739,0.147564,CCN19103010000024
25_Sncg,Sncg Krt73,Sncg,CGE,GABAergic,141,0.361702,0.638298,0.113475,0.007092,0,0,0.148936,0.148936,0.070922,0.007092,0.099291,0,0.35461,0,0,0,0.035461,0.014184,CCN19103010000025
26_Ntng1 HPF,Ntng1 HPF,Sncg,CGE,GABAergic,172,0.523256,0.476744,0,0,0,0,0.017442,0.848837,0,0,0,0,0.133721,0,0,0,0,0,CCN19103010000026
27_Ntng1 HPF,Ntng1 HPF,Sncg,CGE,GABAergic,173,0.50289,0.49711,0,0,0.00578,0,0.416185,0.404624,0,0.00578,0,0,0.138728,0.00578,0,0,0.011561,0.011561,CCN19103010000027
28_Ntng1 HPF,Ntng1 HPF,Sncg,CGE,GABAergic,184,0.391304,0.608696,0.01087,0.027174,0,0,0.26087,0.456522,0.005435,0,0.021739,0,0.130435,0.005435,0.005435,0.005435,0.065217,0.005435,CCN19103010000028
29_Ntng1 HPF,Ntng1 HPF,Sncg,CGE,GABAergic,586,0.539249,0.460751,0,0,0,0,0.032423,0.923208,0,0,0,0,0.042662,0.001706,0,0,0,0,CCN19103010000029
30_Ntng1 HPF,Ntng1 HPF,Sncg,CGE,GABAergic,45,0.555556,0.444444,0,0,0,0,0,1,0,0,0,0,0,0,0,0,0,0,CCN19103010000030
31_Sncg,Sncg Krt73,Sncg,CGE,GABAergic,587,0.29983,0.70017,0.044293,0.11414,0.027257,0,0.112436,0.0954,0.189097,0.0477,0.098807,0.013629,0.049404,0.02385,0.017036,0.025554,0.020443,0.120954,CCN19103010000031
32_Sncg,Sncg Krt73,Sncg,CGE,GABAergic,263,0.437262,0.562738,0.011407,0.057034,0,0,0.376426,0.228137,0,0,0.121673,0,0.087452,0,0,0.011407,0.106464,0,CCN19103010000032
33_Sncg,Sncg Krt73,Sncg,CGE,GABAergic,1539,0.337232,0.662768,0.037687,0.080572,0.025341,0,0.151397,0.092268,0.186485,0.048733,0.111111,0.007147,0.047433,0.020143,0.012346,0.019493,0.062378,0.097466,CCN19103010000033
34_Sncg,Sncg Krt73,Sncg,CGE,GABAergic,339,0.486726,0.513274,0.0059,0.00885,0.00295,0,0.224189,0.522124,0,0,0.00885,0,0.20649,0.00295,0,0,0.017699,0,CCN19103010000034
35_Sncg,Sncg Jam2 Npy2r,Sncg,CGE,GABAergic,641,0.321373,0.678627,0.082683,0.071763,0.040562,0,0.057722,0.017161,0.226209,0.035881,0.106084,0.018721,0.00624,0.020281,0.018721,0.01092,0.074883,0.212168,CCN19103010000035
36_Sncg,Sncg Jam2 Npy2r,Sncg,CGE,GABAergic,1662,0.338748,0.661252,0.051745,0.098676,0.052347,0,0.051143,0.007822,0.190132,0.058965,0.083634,0.013839,0.013237,0.036101,0.032491,0.038508,0.056558,0.214801,CCN19103010000036
37_Sncg,Sncg Jam2 Npy2r,Sncg,CGE,GABAergic,4989,0.359992,0.640008,0.066346,0.076568,0.050511,0,0.06374,0.023452,0.129886,0.052916,0.096613,0.017037,0.036681,0.046502,0.02265,0.034676,0.078172,0.204249,CCN19103010000037
38_Sncg,Sncg Jam2 Npy2r,Sncg,CGE,GABAergic,538,0.347584,0.652416,0.055762,0.083643,0.055762,0,0.076208,0.018587,0.200743,0.055762,0.098513,0.011152,0.048327,0.039033,0.009294,0.026022,0.052045,0.169145,CCN19103010000038
39_Sncg,Sncg Jam2 Npy2r,Sncg,CGE,GABAergic,755,0.503311,0.496689,0.019868,0.034437,0.007947,0,0.307285,0.376159,0.006623,0.001325,0.055629,0,0.117881,0.010596,0,0.007947,0.046358,0.007947,CCN19103010000039
40_Vip,Vip Serpinf1,Sncg,CGE,GABAergic,376,0.268617,0.731383,0.090426,0.077128,0.034574,0,0.015957,0.00266,0.268617,0.047872,0.053191,0.026596,0.007979,0.031915,0.013298,0.010638,0.055851,0.263298,CCN19103010000040
41_Vip,Vip Serpinf1,Sncg,CGE,GABAergic,763,0.336828,0.663172,0.073394,0.083879,0.036697,0,0.006553,0.006553,0.238532,0.137615,0.047182,0.014417,0,0.048493,0.027523,0.036697,0.035387,0.207077,CCN19103010000041
42_Vip,Vip Pcdh11x,Vip,CGE,GABAergic,1467,0.306748,0.693252,0.064758,0.033402,0.079755,0,0.00409,0,0.205862,0.078391,0.038173,0.027267,0.002727,0.034083,0.042263,0.047035,0.02454,0.317655,CCN19103010000042
43_Vip,Vip Pcdh11x,Vip,CGE,GABAergic,2970,0.332323,0.667677,0.06734,0.038384,0.051178,0,0.028956,0.002357,0.158586,0.076431,0.055892,0.027609,0.008754,0.045791,0.039731,0.035017,0.043434,0.320539,CCN19103010000043
44_Vip,Vip Mybpc1,Vip,CGE,GABAergic,6424,0.340286,0.659714,0.061488,0.057908,0.043275,0,0.017435,0.007939,0.158624,0.083126,0.051837,0.027553,0.009029,0.037516,0.04094,0.031445,0.044676,0.32721,CCN19103010000044
45_Vip,Vip Pcdh11x,Vip,CGE,GABAergic,4455,0.30752,0.69248,0.05679,0.032548,0.062177,0,0.01257,0.003367,0.168799,0.073401,0.051627,0.026263,0.008081,0.03569,0.03771,0.038608,0.046016,0.346352,CCN19103010000045
46_Vip,Vip Pcdh11x,Vip,CGE,GABAergic,4451,0.298135,0.701865,0.068973,0.046506,0.055942,0,0.011683,0.003145,0.186924,0.056167,0.057066,0.026286,0.019771,0.041114,0.02696,0.021344,0.028758,0.34936,CCN19103010000046
47_Vip,Vip Pcdh11x,Vip,CGE,GABAergic,438,0.280822,0.719178,0.050228,0.050228,0.034247,0,0.180365,0.020548,0.009132,0.002283,0.157534,0.002283,0.061644,0.020548,0,0.025114,0.3379,0.047945,CCN19103010000047
48_Vip,Vip Cp Rspo1,Vip,CGE,GABAergic,3103,0.328714,0.671286,0.062842,0.064454,0.047051,0,0.032871,0.012246,0.162101,0.078956,0.067032,0.02127,0.016758,0.028037,0.052208,0.048985,0.079923,0.225266,CCN19103010000048
49_Vip,Vip Cp Rspo1,Vip,CGE,GABAergic,3815,0.358322,0.641678,0.075229,0.069463,0.03329,0,0.062385,0.064482,0.113761,0.064744,0.066841,0.017824,0.069987,0.033552,0.025164,0.031455,0.055046,0.216776,CCN19103010000049
50_Vip,Vip Cp Rspo1,Vip,CGE,GABAergic,4197,0.318084,0.681916,0.072909,0.065285,0.029307,0,0.03979,0.026209,0.146533,0.072433,0.065285,0.022635,0.050751,0.059805,0.022159,0.028115,0.044556,0.254229,CCN19103010000050
51_Vip,Vip Cp Rspo1,Vip,CGE,GABAergic,9016,0.329969,0.670031,0.092502,0.060226,0.039707,0,0.043035,0.03394,0.157387,0.048913,0.068101,0.021406,0.052019,0.050577,0.023403,0.029947,0.060226,0.218611,CCN19103010000051
52_Vip,Vip Lmo1,Vip,CGE,GABAergic,561,0.30303,0.69697,0.069519,0.048128,0.019608,0,0.046346,0.02139,0.226381,0.067736,0.073084,0.016043,0.042781,0.048128,0.033868,0.016043,0.039216,0.231729,CCN19103010000052
53_Vip,Vip Lmo1,Vip,CGE,GABAergic,1056,0.323864,0.676136,0.100379,0.066288,0.027462,0,0.029356,0.012311,0.175189,0.086174,0.075758,0.02178,0.032197,0.039773,0.034091,0.026515,0.050189,0.222538,CCN19103010000053
54_Vip HPF,Vip Cbln4 HPF,Vip,CGE,GABAergic,156,0.429487,0.570513,0.00641,0,0,0,0.057692,0.891026,0.00641,0,0,0,0.038462,0,0,0,0,0,CCN19103010000054
55_Vip HPF,Vip Cbln4 HPF,Vip,CGE,GABAergic,139,0.510791,0.489209,0,0.007194,0,0,0.028777,0.841727,0,0,0,0,0.122302,0,0,0,0,0,CCN19103010000055
56_Vip HPF,Vip Cbln4 HPF,Vip,CGE,GABAergic,690,0.489855,0.510145,0.005797,0.018841,0,0,0.075362,0.750725,0.004348,0.004348,0.011594,0,0.078261,0.004348,0.001449,0.008696,0.033333,0.002899,CCN19103010000056
57_Vip Igfbp6,Vip Igfbp6,Vip,CGE,GABAergic,645,0.293023,0.706977,0.027907,0.031008,0.03876,0,0.003101,0.015504,0.176744,0.051163,0.029457,0.03876,0.026357,0.04186,0.03876,0.035659,0.020155,0.424806,CCN19103010000057
58_Vip Igfbp6,Vip Igfbp6,Vip,CGE,GABAergic,274,0.313869,0.686131,0.018248,0.145985,0.054745,0,0.010949,0.010949,0.160584,0.036496,0.018248,0.021898,0.076642,0.040146,0.014599,0.051095,0.076642,0.262774,CCN19103010000058
59_Vip Igfbp6,Vip Igfbp6,Vip,CGE,GABAergic,2738,0.323594,0.676406,0.044193,0.067933,0.04748,0,0.008035,0.044558,0.157414,0.05588,0.05588,0.027027,0.029584,0.034332,0.012783,0.03214,0.097882,0.284879,CCN19103010000059
60_Vip Igfbp6,Vip Igfbp6,Vip,CGE,GABAergic,1482,0.317814,0.682186,0.076923,0.053306,0.040486,0,0.010796,0.049258,0.203104,0.082996,0.062753,0.024291,0.026991,0.040486,0.022942,0.016194,0.039811,0.249663,CCN19103010000060
61_Vip Igfbp6,Vip Igfbp6,Vip,CGE,GABAergic,983,0.390641,0.609359,0.070193,0.093591,0.030519,0,0.043744,0.118006,0.072228,0.053917,0.09766,0.018311,0.063072,0.042726,0.02645,0.032553,0.085453,0.151577,CCN19103010000061
62_Vip Igfbp6,Vip Igfbp6,Vip,CGE,GABAergic,953,0.365163,0.634837,0.040923,0.072403,0.052466,0,0.025184,0.06191,0.116474,0.058762,0.082896,0.028332,0.043022,0.04617,0.03148,0.051417,0.098636,0.189927,CCN19103010000062
63_Sst Chodl,Sst Chodl,Sst Chodl,MGE,GABAergic,116,0.413793,0.586207,0,0.267241,0.008621,0,0.068966,0.034483,0.060345,0.068966,0.172414,0,0.034483,0.008621,0.008621,0.068966,0.189655,0.008621,CCN19103010000063
64_Sst Chodl,Sst Chodl,Sst Chodl,MGE,GABAergic,1905,0.354331,0.645669,0.049344,0.104462,0.068766,0,0.035171,0.004199,0.16378,0.064567,0.097638,0.016798,0.009449,0.008924,0.062992,0.044619,0.07769,0.191601,CCN19103010000064
65_Sst Chodl,Sst Chodl,Sst Chodl,MGE,GABAergic,222,0.288288,0.711712,0.022523,0.099099,0.027027,0,0.018018,0.009009,0.247748,0.121622,0.103604,0.027027,0,0.009009,0.067568,0.081081,0.067568,0.099099,CCN19103010000065
66_Sst,Sst Syndig1l,Sst,MGE,GABAergic,1311,0.33791,0.66209,0.02746,0.046529,0.070938,0,0,0,0.238749,0.099161,0.048818,0.033562,0,0.019069,0.05492,0.039664,0.010679,0.31045,CCN19103010000066
67_Sst,Sst Syndig1l,Sst,MGE,GABAergic,1079,0.332715,0.667285,0.081557,0.098239,0.042632,0,0.012048,0,0.216867,0.110287,0.092678,0.019462,0.012048,0.082484,0.025023,0.026877,0.027804,0.151993,CCN19103010000067
68_Sst,Sst Syndig1l,Sst,MGE,GABAergic,1156,0.297578,0.702422,0.063149,0.086505,0.044118,0,0.002595,0.000865,0.079585,0.030277,0.062284,0.024221,0.00346,0.103806,0.012976,0.022491,0.07872,0.384948,CCN19103010000068
69_Sst,Sst Syndig1l,Sst,MGE,GABAergic,1633,0.337416,0.662584,0.028781,0.082058,0.078996,0,0.003674,0,0.12921,0.039192,0.064911,0.030618,0.000612,0.011635,0.026944,0.05695,0.090018,0.356399,CCN19103010000069
70_Sst,Sst Crh,Sst,MGE,GABAergic,1450,0.357931,0.642069,0.053103,0.072414,0.073793,0,0.038621,0,0.126207,0.01931,0.088966,0.026897,0.010345,0.063448,0.028276,0.032414,0.075172,0.291034,CCN19103010000070
71_Sst,Sst Crh,Sst,MGE,GABAergic,1624,0.368227,0.631773,0.081281,0.067118,0.069581,0,0.034483,0.001847,0.169335,0.046182,0.093596,0.015394,0.022167,0.06835,0.022167,0.043719,0.082512,0.182266,CCN19103010000071
72_Sst,Sst Crh,Sst,MGE,GABAergic,757,0.541612,0.458388,0.01321,0.018494,0.001321,0,0.524439,0.001321,0,0,0.07926,0,0.297226,0.029062,0,0,0.030383,0.005284,CCN19103010000072
73_Sst,Sst Crh,Sst,MGE,GABAergic,1244,0.347267,0.652733,0.041801,0.058682,0.090032,0,0.004823,0,0.098071,0.022508,0.075563,0.028135,0.006431,0.019293,0.041801,0.039389,0.089228,0.384244,CCN19103010000073
74_Sst,Sst Crh,Sst,MGE,GABAergic,947,0.354805,0.645195,0.088701,0.111932,0.042239,0,0.027455,0.001056,0.195354,0.04963,0.163675,0.015839,0.013728,0.020063,0.035903,0.045407,0.085533,0.103485,CCN19103010000074
75_Sst,Sst Crh,Sst,MGE,GABAergic,1101,0.333333,0.666667,0.082652,0.078111,0.039055,0,0.029973,0.001817,0.114441,0.016349,0.168029,0.010899,0.029064,0.04723,0.016349,0.045413,0.087193,0.233424,CCN19103010000075
76_Sst,Sst Nts,Sst,MGE,GABAergic,1026,0.445419,0.554581,0.026316,0.07115,0.059454,0,0.143275,0.002924,0.074074,0.012671,0.119883,0.026316,0.077973,0.012671,0.05653,0.049708,0.066277,0.20078,CCN19103010000076
77_Sst HPF,Sst Lmo1 HPF,Sst,MGE,GABAergic,117,0.299145,0.700855,0.060345,0,0,0,0,0.301724,0.008621,0.008621,0.025862,0,0.534483,0.051724,0,0,0,0.008621,CCN19103010000077
78_Sst HPF,Sst Lmo1 HPF,Sst,MGE,GABAergic,191,0.497382,0.502618,0.026178,0,0,0,0.015707,0.539267,0,0,0.005236,0,0.408377,0.005236,0,0,0,0,CCN19103010000078
79_Sst,Sst Myh8,Sst,MGE,GABAergic,156,0.301282,0.698718,0.070513,0.012821,0,0,0.038462,0.192308,0.025641,0,0.012821,0.00641,0.487179,0.096154,0,0,0.00641,0.051282,CCN19103010000079
80_Sst,Sst Myh8,Sst,MGE,GABAergic,657,0.456621,0.543379,0.031963,0,0.001522,0,0.053272,0.076104,0.004566,0.001522,0.047184,0.006088,0.681887,0.022831,0,0,0.015221,0.057839,CCN19103010000080
81_Sst,Sst Myh8,Sst,MGE,GABAergic,1600,0.321875,0.678125,0.060625,0.11375,0.0475,0,0.001875,0.000625,0.11625,0.02,0.161875,0.018125,0.02375,0.030625,0.015,0.035625,0.12375,0.230625,CCN19103010000081
82_Sst,Sst Myh8,Sst,MGE,GABAergic,9319,0.304003,0.695997,0.071038,0.085095,0.043996,0,0.002146,0.00161,0.197017,0.072325,0.101942,0.02114,0.004507,0.034124,0.021462,0.026398,0.051078,0.266123,CCN19103010000082
83_Sst,Sst Myh8,Sst,MGE,GABAergic,622,0.290997,0.709003,0.046624,0.057878,0.040193,0,0.003215,0,0.114148,0.022508,0.027331,0.041801,0.001608,0.028939,0.006431,0.011254,0.027331,0.57074,CCN19103010000083
84_Sst,Sst Myh8,Sst,MGE,GABAergic,1106,0.320072,0.679928,0.040687,0.112116,0.033454,0,0.092224,0.006329,0.105787,0.020796,0.078662,0.017179,0.056962,0.025316,0.006329,0.045208,0.088608,0.270344,CCN19103010000084
85_Sst,Sst Etv1,Sst,MGE,GABAergic,762,0.267717,0.732283,0.011811,0.206037,0.018373,0,0.02231,0.006562,0.230971,0.032808,0.057743,0.014436,0.011811,0.007874,0.003937,0.072178,0.090551,0.212598,CCN19103010000085
86_Sst,Sst Etv1,Sst,MGE,GABAergic,383,0.27154,0.72846,0.028721,0.057441,0.041775,0,0.013055,0,0.117493,0.023499,0.039164,0.028721,0,0.028721,0.015666,0.02611,0.075718,0.503916,CCN19103010000086
87_Sst,Sst Etv1,Sst,MGE,GABAergic,206,0.616505,0.383495,0.004854,0.004854,0,0,0.606796,0.135922,0,0,0.004854,0,0.242718,0,0,0,0,0,CCN19103010000087
88_Sst,Sst Nmbr,Sst,MGE,GABAergic,2775,0.385225,0.614775,0.053713,0.113194,0.046864,0,0.091565,0.005768,0.150685,0.060923,0.116078,0.015862,0.015501,0.034247,0.032805,0.053713,0.057318,0.151766,CCN19103010000088
89_Sst,Sst Nmbr,Sst,MGE,GABAergic,507,0.335306,0.664694,0.031558,0.122288,0.04142,0,0.021696,0.001972,0.195266,0.069034,0.177515,0.019724,0.003945,0.017751,0.057199,0.069034,0.065089,0.106509,CCN19103010000089
90_Sst,Sst Nmbr,Sst,MGE,GABAergic,1011,0.310584,0.689416,0.109792,0.037587,0.038576,0,0.01088,0.004946,0.297725,0.085064,0.064293,0.016815,0.003956,0.077151,0.026706,0.030663,0.023739,0.172107,CCN19103010000090
91_Sst,Sst Nmbr,Sst,MGE,GABAergic,1515,0.40132,0.59868,0.036304,0.179538,0.057426,0,0.027723,0.00264,0.093729,0.014521,0.116832,0.013861,0.006601,0.016502,0.015182,0.081848,0.171617,0.165677,CCN19103010000091
92_Sst,Sst Nmbr,Sst,MGE,GABAergic,270,0.337037,0.662963,0.018519,0.111111,0.044444,0,0.014815,0.003704,0.122222,0.07037,0.240741,0.011111,0.022222,0.011111,0.037037,0.092593,0.125926,0.074074,CCN19103010000092
93_Sst,Sst Nmbr,Sst,MGE,GABAergic,923,0.371614,0.628386,0.04442,0.130011,0.074756,0,0.007584,0,0.074756,0.028169,0.156013,0.021668,0.002167,0.020585,0.019502,0.073673,0.149512,0.197183,CCN19103010000093
94_Sst,Sst Nmbr,Sst,MGE,GABAergic,765,0.32549,0.67451,0.075817,0.024837,0.078431,0,0.011765,0.002614,0.179085,0.037908,0.040523,0.040523,0.001307,0.039216,0.045752,0.043137,0.018301,0.360784,CCN19103010000094
95_Sst,Sst Nmbr,Sst,MGE,GABAergic,99,0.363636,0.636364,0.020202,0,0,0,0.353535,0,0,0,0,0,0.434343,0.121212,0,0,0.030303,0.040404,CCN19103010000095
96_Sst,Sst Hpse,Sst,MGE,GABAergic,1799,0.299611,0.700389,0.07393,0.039466,0.070595,0,0.000556,0,0.122846,0.043357,0.06726,0.04169,0.001112,0.054475,0.020011,0.030017,0.041134,0.393552,CCN19103010000096
97_Sst,Sst Hpse,Sst,MGE,GABAergic,1097,0.329991,0.670009,0.018232,0.060164,0.0866,0,0.000912,0,0.060164,0.012762,0.054695,0.041933,0.000912,0.013674,0.020055,0.041021,0.100273,0.488605,CCN19103010000097
98_Sst,Sst Calb2,Sst,MGE,GABAergic,6207,0.338328,0.661672,0.082179,0.104415,0.047696,0,0.044473,0.003223,0.138898,0.050757,0.066226,0.017403,0.012085,0.056719,0.019014,0.034966,0.093458,0.228489,CCN19103010000098
99_Sst,Sst Mme,Sst,MGE,GABAergic,3696,0.356872,0.643128,0.063853,0.132305,0.046807,0,0.039232,0.008929,0.143939,0.058442,0.089556,0.016234,0.010281,0.018669,0.011093,0.035714,0.123106,0.20184,CCN19103010000099
100_Sst,Sst Mme,Sst,MGE,GABAergic,850,0.235294,0.764706,0.02,0.027059,0.064706,0,0,0.001176,0.123529,0.018824,0.036471,0.030588,0.001176,0.035294,0.009412,0.018824,0.007059,0.605882,CCN19103010000100
101_Sst,Sst Mme,Sst,MGE,GABAergic,33,0.151515,0.848485,0,0,0,0,0.060606,0,0,0,0,0,0.848485,0.090909,0,0,0,0,CCN19103010000101
102_Sst HPF,Sst Ctsc HPF,Sst,MGE,GABAergic,101,0.60396,0.39604,0,0,0,0,0,1,0,0,0,0,0,0,0,0,0,0,CCN19103010000102
103_Sst HPF,Sst Ctsc HPF,Sst,MGE,GABAergic,114,0.535088,0.464912,0.008772,0,0,0,0,0.973684,0,0,0,0,0.017544,0,0,0,0,0,CCN19103010000103
104_Sst HPF,Sst Ctsc HPF,Sst,MGE,GABAergic,143,0.41958,0.58042,0,0,0,0,0.034965,0.881119,0,0,0.006993,0,0.062937,0,0,0.006993,0.006993,0,CCN19103010000104
105_Sst HPF,Sst Ctsc HPF,Sst,MGE,GABAergic,143,0.622378,0.377622,0,0.006993,0,0,0.587413,0.195804,0,0,0.013986,0.006993,0.153846,0.006993,0,0,0.006993,0.020979,CCN19103010000105
106_Sst HPF,Sst Ctsc HPF,Sst,MGE,GABAergic,253,0.533597,0.466403,0,0,0,0,0.758893,0,0,0,0,0,0.233202,0.007905,0,0,0,0,CCN19103010000106
107_Sst HPF,Sst Ctsc HPF,Sst,MGE,GABAergic,230,0.504348,0.495652,0,0.004348,0,0,0.813043,0.021739,0,0,0,0,0.134783,0,0,0,0.026087,0,CCN19103010000107
108_Pvalb,Pvalb Th,Pvalb,MGE,GABAergic,412,0.451456,0.548544,0.009709,0.116505,0.065534,0,0.118932,0.004854,0.046117,0.009709,0.203883,0.012136,0.082524,0.012136,0.024272,0.058252,0.075243,0.160194,CCN19103010000108
109_Pvalb,Pvalb Th,Pvalb,MGE,GABAergic,1768,0.324661,0.675339,0.036199,0.059955,0.069005,0,0.015837,0.003959,0.13009,0.039593,0.139706,0.022059,0.032805,0.032805,0.016403,0.061086,0.113122,0.227376,CCN19103010000109
110_Pvalb,Pvalb Th,Pvalb,MGE,GABAergic,399,0.37594,0.62406,0.102757,0.017544,0.025063,0,0.025063,0.015038,0.122807,0.02005,0.170426,0.007519,0.24812,0.085213,0.010025,0.012531,0.022556,0.115288,CCN19103010000110
111_Pvalb,Pvalb Lpl,Pvalb,MGE,GABAergic,1118,0.293381,0.706619,0.028623,0.060823,0.034884,0,0.050984,0.006261,0.132379,0.013417,0.133274,0.010733,0.093918,0.025045,0.011628,0.034884,0.083184,0.279964,CCN19103010000111
112_Pvalb,Pvalb Lpl,Pvalb,MGE,GABAergic,1920,0.255208,0.744792,0.040104,0.044271,0.042188,0,0.014583,0.002604,0.154688,0.028646,0.056771,0.01875,0.077604,0.028646,0.002604,0.029167,0.059375,0.4,CCN19103010000112
113_Pvalb,Pvalb Lpl,Pvalb,MGE,GABAergic,968,0.267562,0.732438,0.002066,0.005165,0.043388,0,0.019628,0,0.056818,0.001033,0.004132,0.020661,0.003099,0.007231,0.001033,0.018595,0.01343,0.803719,CCN19103010000113
114_Pvalb,Pvalb Lpl,Pvalb,MGE,GABAergic,5524,0.30286,0.69714,0.055214,0.074403,0.040912,0,0.025706,0.007422,0.240587,0.05105,0.038197,0.018103,0.012853,0.01593,0.00706,0.028783,0.087256,0.296524,CCN19103010000114
115_Pvalb,Pvalb Lpl,Pvalb,MGE,GABAergic,3754,0.300746,0.699254,0.015983,0.050879,0.087107,0,0.006393,0.000266,0.184603,0.005061,0.030368,0.021044,0.00959,0.014917,0.004529,0.053543,0.033564,0.482152,CCN19103010000115
116_Pvalb,Pvalb Lpl,Pvalb,MGE,GABAergic,7837,0.311599,0.688401,0.042746,0.128621,0.040832,0,0.016205,0.000128,0.168304,0.048743,0.055123,0.021947,0.009825,0.016716,0.003062,0.046319,0.109863,0.291566,CCN19103010000116
117_Pvalb,Pvalb Lpl,Pvalb,MGE,GABAergic,2023,0.237271,0.762729,0.031636,0.047454,0.039051,0,0.025704,0,0.163618,0.013347,0.052892,0.020761,0.026693,0.021256,0.008898,0.028176,0.063767,0.456747,CCN19103010000117
118_Pvalb,Pvalb Lpl,Pvalb,MGE,GABAergic,2016,0.361607,0.638393,0.057044,0.071429,0.02877,0,0.113095,0.016369,0.097718,0.037202,0.066964,0.006448,0.084325,0.014881,0.00248,0.043155,0.137401,0.222718,CCN19103010000118
119_Pvalb,Pvalb Lpl,Pvalb,MGE,GABAergic,2714,0.368828,0.631172,0.051953,0.102432,0.03832,0,0.069639,0.007001,0.141857,0.030214,0.111643,0.007738,0.041268,0.01437,0.008475,0.06706,0.151805,0.156227,CCN19103010000119
120_Pvalb,Pvalb Lpl,Pvalb,MGE,GABAergic,534,0.430712,0.569288,0.001873,0,0,0,0.485019,0.001873,0,0,0,0,0.494382,0.013109,0,0,0.003745,0,CCN19103010000120
121_Pvalb,Pvalb Lpl,Pvalb,MGE,GABAergic,1468,0.52248,0.47752,0.006812,0.036785,0.002044,0,0.767711,0.008174,0,0,0.038828,0,0.042916,0.003406,0,0.00545,0.087193,0.000681,CCN19103010000121
122_Pvalb Vipr2,Pvalb Vipr2,Pvalb,MGE,GABAergic,110,0.472727,0.527273,0,0,0,0,0,0.9,0.009091,0,0,0,0.090909,0,0,0,0,0,CCN19103010000122
123_Pvalb Vipr2,Pvalb Vipr2,Pvalb,MGE,GABAergic,2005,0.390025,0.609975,0.028429,0.093267,0.036409,0,0.154613,0.019451,0.125686,0.026933,0.0798,0.013965,0.052369,0.012968,0.013965,0.046883,0.146633,0.148628,CCN19103010000123
124_L2 IT APr,L2 IT APr Cdh7,L2/3 IT PPP,L2/3 IT,Glutamatergic,524,0.459924,0.540076,0,0,0,0,0.038168,0,0,0,0,0,0.954198,0.005725,0,0,0,0.001908,CCN19103010000124
125_L2 IT APr,L2 IT APr Cdh7,L2/3 IT PPP,L2/3 IT,Glutamatergic,173,0.601156,0.398844,0,0,0,0,0,0,0,0,0,0,0.965318,0.034682,0,0,0,0,CCN19103010000125
126_L2 IT APr,L2 IT APr Cdh7,L2/3 IT PPP,L2/3 IT,Glutamatergic,1304,0.324387,0.675613,0,0,0,0,0.007669,0.000767,0,0,0,0,0.991564,0,0,0,0,0,CCN19103010000126
127_L2 IT APr,L2 IT APr Cdh7,L2/3 IT PPP,L2/3 IT,Glutamatergic,303,0.181518,0.818482,0,0,0,0,0,0,0,0,0,0,1,0,0,0,0,0,CCN19103010000127
128_L2 IT APr,L2 IT APr Cdh7,L2/3 IT PPP,L2/3 IT,Glutamatergic,641,0.368175,0.631825,0,0,0,0,0.00156,0,0,0,0,0,0.99844,0,0,0,0,0,CCN19103010000128
129_L2/3 IT POST-PRE,L2/3 IT POST-PRE Kit,L2/3 IT PPP,L2/3 IT,Glutamatergic,5194,0.370812,0.629188,0,0,0,0,0.012707,0.00077,0,0,0,0,0.986523,0,0,0,0,0,CCN19103010000129
130_L2/3 IT POST-PRE,L2/3 IT POST-PRE Kit,L2/3 IT PPP,L2/3 IT,Glutamatergic,4635,0.364833,0.635167,0,0,0,0,0.003236,0,0,0,0,0,0.996764,0,0,0,0,0,CCN19103010000130
131_L2/3 IT POST-PRE,L2/3 IT POST-PRE Kit,L2/3 IT PPP,L2/3 IT,Glutamatergic,5472,0.395833,0.604167,0,0,0,0,0.000183,0.000731,0,0,0,0,0.994335,0.004751,0,0,0,0,CCN19103010000131
132_L2 IT RSPv-POST-PRE,L2 IT RSPv-POST-PRE Pdlim1,L2/3 IT PPP,L2/3 IT,Glutamatergic,439,0.471526,0.528474,0.002278,0,0,0,0,0,0,0,0,0,0.487472,0.510251,0,0,0,0,CCN19103010000132
133_L2 IT RSPv-POST-PRE,L2 IT RSPv-POST-PRE Pdlim1,L2/3 IT PPP,L2/3 IT,Glutamatergic,18335,0.364549,0.635451,0.066488,0,0,0,0,0,0,0,0,5.45E-05,0.013636,0.919821,0,0,0,0,CCN19103010000133
134_L2 IT RSP-ACA,L2 IT RSP-ACA Npnt,L2/3 IT PPP,L2/3 IT,Glutamatergic,5526,0.26692,0.73308,0.180271,0.000362,0.000181,0,0.000181,0,0.041448,0.007602,0,0.000724,0.009774,0.722534,0.000543,0,0,0.03638,CCN19103010000134
135_L3 IT ENTm,L3 IT ENTm Plch1,L3 IT ENT,L2/3 IT,Glutamatergic,2892,0.526971,0.473029,0,0,0,0,0.997234,0,0,0,0,0,0.002766,0,0,0,0,0,CCN19103010000135
136_L3 IT ENTm,L3 IT ENTm Plch1,L3 IT ENT,L2/3 IT,Glutamatergic,1037,0.597878,0.402122,0,0,0,0,0.910318,0,0,0,0,0,0.089682,0,0,0,0,0,CCN19103010000136
137_L3 IT ENTm,L3 IT ENTm Plch1,L3 IT ENT,L2/3 IT,Glutamatergic,1858,0.537137,0.462863,0,0,0,0,0.99408,0,0,0,0,0,0.00592,0,0,0,0,0,CCN19103010000137
138_L3 IT ENTm,L3 IT ENTm Plch1,L3 IT ENT,L2/3 IT,Glutamatergic,5296,0.642183,0.357817,0,0,0,0,0.998112,0,0,0,0,0,0.000189,0.000189,0,0,0.001511,0,CCN19103010000138
139_L3 IT ENTl,L3 IT ENTl Fign,L3 IT ENT,L2/3 IT,Glutamatergic,622,0.553055,0.446945,0,0,0,0,0.945338,0,0,0,0,0,0,0,0,0,0.054662,0,CCN19103010000139
140_L3 IT ENTl,L3 IT ENTl Fign,L3 IT ENT,L2/3 IT,Glutamatergic,2250,0.600889,0.399111,0,0,0,0,0.858222,0,0,0,0,0,0,0,0,0,0.141778,0,CCN19103010000140
141_L2/3 IT PAR,L2/3 IT PAR Wfs1 Prlr,L2/3 IT PPP,L2/3 IT,Glutamatergic,419,0.362768,0.637232,0.002387,0,0,0,0.167064,0,0,0,0,0,0.821002,0.004773,0,0,0,0.004773,CCN19103010000141
142_L2/3 IT PAR,L2/3 IT PAR Wfs1 Prlr,L2/3 IT PPP,L2/3 IT,Glutamatergic,1680,0.458929,0.541071,0,0,0,0,0.436905,0,0,0,0,0,0.559524,0.003571,0,0,0,0,CCN19103010000142
143_L2/3 IT PAR,L2/3 IT PAR Wfs1 Prlr,L2/3 IT PPP,L2/3 IT,Glutamatergic,789,0.534854,0.465146,0,0,0,0,0.669202,0,0,0,0,0,0.309252,0,0,0,0,0.021546,CCN19103010000143
144_L2/3 IT PAR,L2/3 IT PAR Wfs1 Prlr,L2/3 IT PPP,L2/3 IT,Glutamatergic,873,0.575029,0.424971,0,0,0,0,0.177549,0,0,0,0,0,0.822451,0,0,0,0,0,CCN19103010000144
145_L2/3 IT PAR,L2/3 IT PAR Cfap58,L2/3 IT PPP,L2/3 IT,Glutamatergic,1666,0.545018,0.454982,0,0,0,0,0.927971,0,0,0,0,0,0.067827,0,0,0,0.004202,0,CCN19103010000145
146_L2 IT ENTm,L2 IT ENTm Lef1,L2 IT ENTm,L2/3 IT,Glutamatergic,205,0.595122,0.404878,0,0,0,0,1,0,0,0,0,0,0,0,0,0,0,0,CCN19103010000146
147_L2 IT ENTm,L2 IT ENTm Lef1,L2 IT ENTm,L2/3 IT,Glutamatergic,534,0.573034,0.426966,0,0,0,0,0.88764,0,0,0,0,0,0.11236,0,0,0,0,0,CCN19103010000147
148_L2 IT ENTm,L2 IT ENTm Lef1,L2 IT ENTm,L2/3 IT,Glutamatergic,116,0.517241,0.482759,0,0,0,0,1,0,0,0,0,0,0,0,0,0,0,0,CCN19103010000148
149_L2 IT ENTm,L2 IT ENTm Lef1,L2 IT ENTm,L2/3 IT,Glutamatergic,1374,0.581514,0.418486,0,0,0,0,0.972344,0,0,0,0,0,0.027656,0,0,0,0,0,CCN19103010000149
150_L2 IT ENTm,L2 IT ENTm Lef1,L2 IT ENTm,L2/3 IT,Glutamatergic,38,0.868421,0.131579,0,0,0,0,1,0,0,0,0,0,0,0,0,0,0,0,CCN19103010000150
151_L2 IT ENTl,L2 IT ENTl Chn2,L2 IT ENTl,L2/3 IT,Glutamatergic,4759,0.528682,0.471318,0.00021,0.063249,0,0,0.924354,0.00021,0,0,0.002311,0,0.00021,0,0,0.003992,0.005253,0.00021,CCN19103010000151
152_L2/3 IT ENTl,L2/3 IT ENTl Fign,L2/3 IT ENTl,L2/3 IT,Glutamatergic,208,0.692308,0.307692,0,0.019231,0,0,0.951923,0,0,0,0,0,0,0,0,0.004808,0.024038,0,CCN19103010000152
153_L2/3 IT ENTl,L2/3 IT ENTl Fign,L2/3 IT ENTl,L2/3 IT,Glutamatergic,2310,0.525541,0.474459,0,0,0,0,0.993939,0,0,0,0,0,0.000866,0,0,0,0.005195,0,CCN19103010000153
154_L2/3 IT ENTl,L2/3 IT ENTl Fign,L2/3 IT ENTl,L2/3 IT,Glutamatergic,622,0.594855,0.405145,0,0.001608,0.001608,0,0.963023,0,0,0,0,0,0.001608,0,0,0.001608,0.030547,0,CCN19103010000154
155_L2/3 IT ENTl,L2/3 IT ENTl Ndst4,L2/3 IT ENTl,L2/3 IT,Glutamatergic,93,0.677419,0.322581,0,0.11828,0,0,0.83871,0,0,0,0.032258,0,0,0,0,0,0.010753,0,CCN19103010000155
156_L2/3 IT ENTl,L2/3 IT ENTl Ndst4,L2/3 IT ENTl,L2/3 IT,Glutamatergic,649,0.614792,0.385208,0,0.001541,0,0,0.978428,0.003082,0,0,0,0,0.016949,0,0,0,0,0,CCN19103010000156
157_L2/3 IT ENTl,L2/3 IT ENTl Ndst4,L2/3 IT ENTl,L2/3 IT,Glutamatergic,291,0.553265,0.446735,0.003436,0.04811,0,0,0.941581,0,0,0,0,0,0,0,0,0,0.006873,0,CCN19103010000157
158_L2/3 IT AI,L2/3 IT AI Ndst4,L2/3 IT ENTl,L2/3 IT,Glutamatergic,25,1,0,0,0.96,0,0,0,0,0,0,0,0,0,0,0,0.04,0,0,CCN19103010000158
159_L2/3 IT AI,L2/3 IT AI Ndst4,L2/3 IT ENTl,L2/3 IT,Glutamatergic,231,0.891775,0.108225,0,0.761905,0,0,0.203463,0.004329,0,0,0,0,0,0,0,0.030303,0,0,CCN19103010000159
160_L2/3 IT ENTl,L2/3 IT ENTl Ndst4,L2/3 IT ENTl,L2/3 IT,Glutamatergic,716,0.666201,0.333799,0,0.217877,0.001397,0,0.72067,0,0,0,0.006983,0,0.001397,0,0,0.027933,0.023743,0,CCN19103010000160
161_L2/3 IT ENTl,L2/3 IT ENTl Ndst4,L2/3 IT ENTl,L2/3 IT,Glutamatergic,1632,0.621936,0.378064,0,0.004902,0,0,0.958333,0.001838,0,0,0.004902,0,0.000613,0,0,0.003676,0.025735,0,CCN19103010000161
162_L2/3 IT CTX,L2/3 IT CTX Trhr,L2/3 IT CTX,L2/3 IT,Glutamatergic,478,0.190377,0.809623,0,0.002092,0.016736,0,0.002092,0,0,0,0,0,0,0.006276,0.002092,0.043933,0.709205,0.217573,CCN19103010000162
163_L2/3 IT CTX,L2/3 IT CTX Trhr,L2/3 IT CTX,L2/3 IT,Glutamatergic,1012,0.439723,0.560277,0,0.002964,0.041502,0,0.003953,0,0,0,0.004941,0,0,0,0,0.051383,0.882411,0.012846,CCN19103010000163
164_L2/3 IT CTX,L2/3 IT CTX Trhr,L2/3 IT CTX,L2/3 IT,Glutamatergic,4805,0.480957,0.519043,0,0.026639,0.06847,0,0.011863,0.000208,0,0,0.001873,0,0.000208,0.001873,0,0.144017,0.723205,0.021644,CCN19103010000164
165_L2/3 IT CTX,L2/3 IT CTX Trhr,L2/3 IT CTX,L2/3 IT,Glutamatergic,2117,0.438356,0.561644,0.029759,0.060935,0.000945,0,0.011809,0,0.000472,0.000945,0.774209,0.001417,0.000472,0.022674,0,0.016533,0.063769,0.01606,CCN19103010000165
166_L2/3 IT CTX,L2/3 IT CTX Stard8,L2/3 IT CTX,L2/3 IT,Glutamatergic,14491,0.367953,0.632047,0.016769,0.004417,0.211856,0,0.000966,0,0.073011,0.009385,0.018701,0.038852,0.001104,0.034021,0.075495,0.048306,0.059002,0.408115,CCN19103010000166
167_L2/3 IT CTX,L2/3 IT CTX Stard8,L2/3 IT CTX,L2/3 IT,Glutamatergic,14968,0.47194,0.52806,0.052512,0.215326,0.025989,0,0.011959,0,0.133685,0.175441,0.174506,0.004743,0.000134,0.001537,0.016101,0.075227,0.073022,0.039818,CCN19103010000167
168_L2/3 IT CTX,L2/3 IT CTX Stard8,L2/3 IT CTX,L2/3 IT,Glutamatergic,87411,0.325085,0.674915,0.052638,0.013843,0.061149,0,6.86E-05,0,0.105321,0.042742,0.03193,0.041849,0.00016,0.085186,0.109051,0.045075,0.003718,0.407269,CCN19103010000168
169_L2/3 IT CTX,L2/3 IT CTX Stard8,L2/3 IT CTX,L2/3 IT,Glutamatergic,2126,0.43556,0.56444,0.553622,0.001411,0.005644,0,0.001411,0,0.03904,0.020696,0.110066,0.006115,0.000941,0.104421,0.001411,0.002352,0.006585,0.146284,CCN19103010000169
170_L2/3 IT CTX,L2/3 IT CTX Stard8,L2/3 IT CTX,L2/3 IT,Glutamatergic,344,0.360465,0.639535,0.020349,0.005814,0.034884,0,0,0,0.02907,0,0.05814,0,0,0.055233,0,0.020349,0.715116,0.061047,CCN19103010000170
171_L2/3 IT CTX,L2/3 IT CTX Baz1a,L2/3 IT CTX,L2/3 IT,Glutamatergic,6212,0.357051,0.642949,0.029303,0.017872,0.074867,0,0.005313,0,0.03365,0.023346,0.049589,0.0834,0,0.017066,0.023507,0.0417,0.054098,0.546289,CCN19103010000171
172_L2/3 IT ProS,L2/3 IT ProS Dcn Cbln4,L2/3 IT RHP,L2/3 IT,Glutamatergic,391,0.531969,0.468031,0,0,0,0,0.470588,0,0,0,0,0,0.521739,0,0,0,0.007673,0,CCN19103010000172
173_L2/3 IT ProS,L2/3 IT ProS Dcn Cbln4,L2/3 IT RHP,L2/3 IT,Glutamatergic,1743,0.523236,0.476764,0.007458,0,0,0,0.026391,0.010901,0,0,0,0,0.95525,0,0,0,0,0,CCN19103010000173
174_IT HATA,IT HATA Id4,L2/3 IT RHP,L2/3 IT,Glutamatergic,40,0.525,0.475,0,0,0,0,0.975,0,0,0,0.025,0,0,0,0,0,0,0,CCN19103010000174
175_IT HATA,IT HATA Id4,L2/3 IT RHP,L2/3 IT,Glutamatergic,148,0.459459,0.540541,0.013514,0,0,0,0.925676,0,0,0,0.006757,0,0.040541,0,0,0,0.013514,0,CCN19103010000175
176_IT HATA,IT HATA Id4,L2/3 IT RHP,L2/3 IT,Glutamatergic,479,0.572025,0.427975,0,0,0,0,0.803758,0.002088,0,0,0,0,0.192067,0,0,0,0.002088,0,CCN19103010000176
177_IT HATA,IT HATA Id4,L2/3 IT RHP,L2/3 IT,Glutamatergic,429,0.426573,0.573427,0,0,0,0,0.855478,0,0,0,0,0,0.144522,0,0,0,0,0,CCN19103010000177
178_L4 IT CTX,L4 IT CTX Rspo1,L4/5 IT CTX,L4/5/6 IT Car3,Glutamatergic,10945,0.330379,0.669621,9.14E-05,0.000731,0.044861,0,0,0,0.196163,0.000731,0.001279,0.005208,0,0.001279,0.608497,0.060484,0.000914,0.079762,CCN19103010000178
179_L4 IT CTX,L4 IT CTX Rspo1,L4/5 IT CTX,L4/5/6 IT Car3,Glutamatergic,65137,0.399942,0.600058,0.002195,0.007661,0.147474,0,0,0,0.197384,0.041313,0.030735,0.007384,0,0.000921,0.36761,0.116508,0.009964,0.070851,CCN19103010000179
180_L4 IT CTX,L4 IT CTX Rspo1,L4/5 IT CTX,L4/5/6 IT Car3,Glutamatergic,99164,0.255355,0.744645,0.00478,3.03E-05,0.05734,0,0,0,0.025352,0.008673,0.008199,0.080282,7.06E-05,0.027087,0.032714,0.002985,0.006283,0.746206,CCN19103010000180
181_L4 IT CTX,L4 IT CTX Rspo1,L4/5 IT CTX,L4/5/6 IT Car3,Glutamatergic,4949,0.245706,0.754294,0,0,0.071125,0,0,0,0.015559,0,0.000404,0.034148,0,0.013538,0.021823,0.002425,0.000606,0.840372,CCN19103010000181
182_L4/5 IT CTX,L4/5 IT CTX Cux2 Etv1,L4/5 IT CTX,L4/5/6 IT Car3,Glutamatergic,27503,0.4157,0.5843,0.000436,0.011271,0.231757,0,0,0,0.196706,0.034578,0.020216,0.026579,0,0.000545,0.201651,0.124677,0.045668,0.105916,CCN19103010000182
183_L4/5 IT CTX,L4/5 IT CTX Cux2 Etv1,L4/5 IT CTX,L4/5/6 IT Car3,Glutamatergic,17869,0.30774,0.69226,5.60E-05,0.000112,0.191974,0,0,0,0.000336,0,0.01013,0.081323,0.000112,0.013656,0.004981,0.003638,0.010802,0.682879,CCN19103010000183
184_L4/5 IT CTX,L4/5 IT CTX Cux2 Etv1,L4/5 IT CTX,L4/5/6 IT Car3,Glutamatergic,2587,0.481252,0.518748,0,0.017008,0.136065,0,0,0,0.000773,0,0.009277,0.000387,0,0,0,0.315037,0.494782,0.026672,CCN19103010000184
185_L4/5 IT CTX,L4/5 IT CTX Cux2 Etv1,L4/5 IT CTX,L4/5/6 IT Car3,Glutamatergic,2010,0.48408,0.51592,0,0.011443,0.041791,0,0,0,0.001493,0,0.000498,0,0,0,0,0.552239,0.390547,0.00199,CCN19103010000185
186_L4/5 IT CTX,L4/5 IT CTX Cux2 Etv1,L4/5 IT CTX,L4/5/6 IT Car3,Glutamatergic,2411,0.448776,0.551224,0,0.004977,0.140606,0,0,0,0.000415,0.000415,0.004148,0.001659,0,0.005807,0.00083,0.044795,0.727084,0.069266,CCN19103010000186
187_L4/5 IT CTX,L4/5 IT CTX Cux2 Etv1,L4/5 IT CTX,L4/5/6 IT Car3,Glutamatergic,7679,0.422451,0.577549,0.022138,0.31241,0.012371,0,0,0,0.204584,0.151843,0.181404,0.001823,0,0.000521,0.001172,0.055216,0.04623,0.010288,CCN19103010000187
188_L4/5 IT CTX,L4/5 IT CTX Cux2 Etv1,L4/5 IT CTX,L4/5/6 IT Car3,Glutamatergic,14851,0.290216,0.709784,0.036092,0.030436,0.017979,0,0,0,0.443,0.258636,0.050704,0.019864,0,0.010437,0.033062,0.021884,0.011582,0.066326,CCN19103010000188
189_L4/5 IT CTX,L4/5 IT CTX Cux2 Etv1,L4/5 IT CTX,L4/5/6 IT Car3,Glutamatergic,11092,0.488821,0.511179,0.566363,0.00388,0.005594,0,0.003519,0.000812,0.024001,0.025083,0.029505,0.003429,0.015519,0.226924,0.003699,0.003248,0.00406,0.084363,CCN19103010000189
190_L4/5 IT CTX,L4/5 IT CTX Cux2 Etv1,L4/5 IT CTX,L4/5/6 IT Car3,Glutamatergic,3644,0.307355,0.692645,0.073271,0.010428,0.031559,0,0,0,0.457464,0.177827,0.038419,0.024149,0,0.008782,0.081778,0.013447,0.003568,0.079308,CCN19103010000190
191_L4/5 IT CTX,L4/5 IT CTX Cux2 Etv1,L4/5 IT CTX,L4/5/6 IT Car3,Glutamatergic,13740,0.442722,0.557278,0.013683,0.300582,0.004658,0,0,0,0.133697,0.196798,0.251456,0.002402,0,0.00131,0.00182,0.053057,0.034134,0.006405,CCN19103010000191
192_L4/5 IT CTX,L4/5 IT CTX Cux2 Etv1,L4/5 IT CTX,L4/5/6 IT Car3,Glutamatergic,1181,0.508891,0.491109,0.008467,0.066892,0.019475,0,0.436071,0.001693,0.008467,0.001693,0.023709,0.001693,0.026249,0,0.003387,0.027942,0.34801,0.026249,CCN19103010000192
193_L4/5 IT CTX,L4/5 IT CTX Cux2 Etv1,L4/5 IT CTX,L4/5/6 IT Car3,Glutamatergic,2052,0.374269,0.625731,0.277968,0.001954,0.005862,0,0.005862,0.000489,0.109917,0.067904,0.02296,0.031265,0.004885,0.176356,0.004397,0.001466,0.001954,0.286761,CCN19103010000193
194_L5 IT RSP-ACA,L5 IT RSP-ACA Tshz2,L5 IT CTX,L4/5/6 IT Car3,Glutamatergic,6678,0.446391,0.553609,0.480204,0,0.00015,0,0,0,0.016647,0.010948,0.00135,0,0.003449,0.431164,0.00015,0,0,0.055939,CCN19103010000194
195_L5 IT RSP-ACA,L5 IT RSP-ACA Tshz2,L5 IT CTX,L4/5/6 IT Car3,Glutamatergic,2117,0.423713,0.576287,0.406708,0.000472,0,0,0.001417,0,0.013699,0.004724,0.000945,0,0.007085,0.483231,0.000472,0.000945,0.000472,0.07983,CCN19103010000195
196_L5 IT CTX,L5 IT CTX Foxo1,L5 IT CTX,L4/5/6 IT Car3,Glutamatergic,2665,0.267542,0.732458,0.000375,0.006757,0.100225,0,0,0,0.007883,0.000375,0.019144,0.032658,0,0.024775,0.009384,0.003003,0.009384,0.786036,CCN19103010000196
197_L5 IT CTX,L5 IT CTX Foxo1,L5 IT CTX,L4/5/6 IT Car3,Glutamatergic,10952,0.270818,0.729182,0.006118,0.010135,0.056154,0,0.001644,0,0.016161,0.0063,0.020636,0.06492,9.13E-05,0.023466,0.029584,0.003196,0.008766,0.752831,CCN19103010000197
198_L5 IT CTX,L5 IT CTX Foxo1,L5 IT CTX,L4/5/6 IT Car3,Glutamatergic,1606,0.318182,0.681818,0.312773,0.000623,0.010592,0,0.005607,0,0.17134,0.039875,0.031776,0.02866,0,0.10405,0.000623,0.001869,0.0081,0.284112,CCN19103010000198
199_L5 IT CTX,L5 IT CTX Foxo1,L5 IT CTX,L4/5/6 IT Car3,Glutamatergic,4348,0.220791,0.779209,0.018169,0.0092,0.021849,0,0,0,0.636385,0.066007,0.023689,0.018399,0,0.00598,0.138914,0.024839,0.00391,0.032659,CCN19103010000199
200_L5 IT CTX,L5 IT CTX Foxo1,L5 IT CTX,L4/5/6 IT Car3,Glutamatergic,7930,0.333417,0.666583,0.034431,0.121327,0.048304,0,0.000757,0,0.386303,0.090428,0.096734,0.014504,0,0.007441,0.058141,0.020684,0.094463,0.026485,CCN19103010000200
201_L5 IT CTX,L5 IT CTX Foxo1,L5 IT CTX,L4/5/6 IT Car3,Glutamatergic,856,0.503505,0.496495,0.003505,0,0.005841,0,0,0,0.310748,0.047897,0.008178,0.003505,0,0,0.537383,0.064252,0,0.018692,CCN19103010000201
202_L5 IT CTX,L5 IT CTX Foxo1,L5 IT CTX,L4/5/6 IT Car3,Glutamatergic,1153,0.542064,0.457936,0.398438,0.023438,0.045139,0,0.023438,0,0.139757,0.139757,0.0625,0.033854,0,0.046007,0.001736,0.009549,0.036458,0.039931,CCN19103010000202
203_L5/6 IT CTX,L5/6 IT CTX Cdh9,L5 IT CTX,L4/5/6 IT Car3,Glutamatergic,923,0.355363,0.644637,0.002167,0.23402,0.00325,0,0,0,0.152763,0.006501,0.583965,0.001083,0,0,0.002167,0.005417,0,0.008667,CCN19103010000203
204_L5/6 IT CTX,L5/6 IT CTX Cdh9,L5 IT CTX,L4/5/6 IT Car3,Glutamatergic,12412,0.364083,0.635917,0.048421,0.012971,0.130922,0,8.06E-05,0,0.127941,0.017483,0.147841,0.033919,0,0.013938,0.10659,0.065259,0.007573,0.287061,CCN19103010000204
205_L5/6 IT CTX,L5/6 IT CTX Cdh9,L5 IT CTX,L4/5/6 IT Car3,Glutamatergic,1013,0.302073,0.697927,0.072063,0.226061,0.003949,0,0.002962,0,0.206318,0.263574,0.160908,0,0,0.003949,0.003949,0.030602,0.025666,0,CCN19103010000205
206_L5/6 IT CTX,L5/6 IT CTX Cdh9,L5 IT CTX,L4/5/6 IT Car3,Glutamatergic,1053,0.336182,0.663818,0.006648,0.211776,0.005698,0,0.001899,0,0.263058,0.308642,0.065527,0.00095,0,0,0.004748,0.055081,0.075973,0,CCN19103010000206
207_L5/6 IT CTX,L5/6 IT CTX Cdh9,L5 IT CTX,L4/5/6 IT Car3,Glutamatergic,525,0.539048,0.460952,0.67619,0,0.00381,0,0,0,0.020952,0.022857,0.20381,0,0.001905,0.034286,0,0.005714,0.019048,0.011429,CCN19103010000207
208_L5/6 IT CTX,L5/6 IT CTX Cdh9,L5 IT CTX,L4/5/6 IT Car3,Glutamatergic,3296,0.291262,0.708738,0.092233,0.026396,0.012136,0,0,0,0.441748,0.14199,0.041566,0.008192,0,0.028519,0.138956,0.041262,0.001517,0.025485,CCN19103010000208
209_L5/6 IT CTX,L5/6 IT CTX Cdh9,L5 IT CTX,L4/5/6 IT Car3,Glutamatergic,4413,0.388398,0.611602,0.009517,0.016315,0.049853,0,0,0,0.135962,0.004985,0.172218,0.024247,0,0.014049,0.343984,0.069794,0.003852,0.155223,CCN19103010000209
210_L5/6 IT TPE-ENT,L5/6 IT TPE-ENT Dcn,L5/6 IT TPE-ENT,L4/5/6 IT Car3,Glutamatergic,367,0.558583,0.441417,0.002732,0.013661,0,0,0.934426,0,0,0,0.002732,0,0,0,0,0,0.043716,0.002732,CCN19103010000210
211_L5/6 IT TPE-ENT,L5/6 IT TPE-ENT Dcn,L5/6 IT TPE-ENT,L4/5/6 IT Car3,Glutamatergic,45,0.488889,0.511111,0,0.022222,0,0,0.977778,0,0,0,0,0,0,0,0,0,0,0,CCN19103010000211
212_L5/6 IT TPE-ENT,L5/6 IT TPE-ENT Dcn,L5/6 IT TPE-ENT,L4/5/6 IT Car3,Glutamatergic,817,0.419829,0.580171,0.007344,0.04284,0.01224,0,0.227662,0,0.001224,0,0.118727,0,0.01224,0.003672,0,0.044064,0.50918,0.020808,CCN19103010000212
213_L5/6 IT TPE-ENT,L5/6 IT TPE-ENT Dcn,L5/6 IT TPE-ENT,L4/5/6 IT Car3,Glutamatergic,1104,0.48279,0.51721,0,0.000906,0,0,0.930254,0,0,0,0,0,0.057065,0,0,0,0.011775,0,CCN19103010000213
214_L5/6 IT PFC,L5/6 IT PFC Chn2,L5/6 IT TPE-ENT,L4/5/6 IT Car3,Glutamatergic,837,0.557945,0.442055,0.02509,0.130227,0,0,0.003584,0,0.001195,0,0.700119,0,0.001195,0.002389,0,0.058542,0.077658,0,CCN19103010000214
215_L5/6 IT TPE-ENT,L5/6 IT TPE-ENT Chn2,L5/6 IT TPE-ENT,L4/5/6 IT Car3,Glutamatergic,705,0.448227,0.551773,0.024113,0,0.039716,0,0.083688,0,0,0,0.002837,0.001418,0.022695,0.035461,0,0.01844,0.719149,0.052482,CCN19103010000215
216_L5/6 IT TPE-ENT,L5/6 IT TPE-ENT Dcn,L5/6 IT TPE-ENT,L4/5/6 IT Car3,Glutamatergic,2227,0.437809,0.562191,0,0.007185,0.007634,0,0.334082,0,0,0,0.003592,0,0.012124,0.000449,0,0.009879,0.61383,0.011226,CCN19103010000216
217_L6 IT CTX,L6 IT CTX Fst,L6 IT CTX,L4/5/6 IT Car3,Glutamatergic,2985,0.345394,0.654606,0.000335,0.033166,0.134338,0,0.00201,0.000335,0.063317,0,0.028476,0.041206,0,0.003685,0.062312,0.122948,0.078392,0.429481,CCN19103010000217
218_L6 IT CTX,L6 IT CTX Fst,L6 IT CTX,L4/5/6 IT Car3,Glutamatergic,2764,0.5,0.5,0,0.028582,0.172576,0,0,0,0.071274,0,0.071635,0.034009,0,0.000724,0.32453,0.164978,0.007959,0.123734,CCN19103010000218
219_L6 IT CTX,L6 IT CTX Fst,L6 IT CTX,L4/5/6 IT Car3,Glutamatergic,1062,0.453861,0.546139,0.002828,0.257304,0.072573,0,0,0,0.00377,0.000943,0.377945,0.001885,0,0.001885,0.00377,0.161169,0.102733,0.013195,CCN19103010000219
220_L6 IT CTX,L6 IT CTX Fst,L6 IT CTX,L4/5/6 IT Car3,Glutamatergic,1422,0.344585,0.655415,0.001406,0.017581,0.149789,0,0,0,0.043601,0,0.035865,0.044304,0.001406,0.008439,0.090014,0.083685,0.040084,0.483826,CCN19103010000220
221_L6 IT CTX,L6 IT CTX Osr1,L6 IT CTX,L4/5/6 IT Car3,Glutamatergic,1114,0.466786,0.533214,0.014363,0.159785,0.001795,0,0.001795,0,0.000898,0,0.68851,0,0,0.004488,0,0.043986,0.084381,0,CCN19103010000221
222_L6 IT CTX,L6 IT CTX Osr1,L6 IT CTX,L4/5/6 IT Car3,Glutamatergic,2469,0.408262,0.591738,0.00081,0.036857,0.135682,0,0.009316,0,0.00486,0,0.015391,0.00729,0.00486,0.011746,0.003645,0.101661,0.46132,0.206561,CCN19103010000222
223_L6 IT CTX,L6 IT CTX Osr1,L6 IT CTX,L4/5/6 IT Car3,Glutamatergic,10516,0.304203,0.695797,0.023871,0.016262,0.141702,0,0.005611,0,0.093961,0.00894,0.042986,0.021303,0.00447,0.029006,0.04175,0.042606,0.071041,0.456491,CCN19103010000223
224_L6 IT CTX,L6 IT CTX Osr1,L6 IT CTX,L4/5/6 IT Car3,Glutamatergic,901,0.518313,0.481687,0,0.566038,0.00333,0,0.066593,0,0.00111,0,0.279689,0,0,0,0,0.055494,0.024417,0.00333,CCN19103010000224
225_L6 IT CTX,L6 IT CTX Osr1,L6 IT CTX,L4/5/6 IT Car3,Glutamatergic,1632,0.775735,0.224265,0,0.762255,0.003676,0,0.030025,0,0.000613,0,0.017157,0,0,0,0,0.146446,0.036765,0.003064,CCN19103010000225
226_L6 IT CTX,L6 IT CTX Osr1,L6 IT CTX,L4/5/6 IT Car3,Glutamatergic,5186,0.448322,0.551678,0.256267,0.071539,0.06074,0,0.025646,0,0.010605,0.005978,0.287119,0.0027,0.021597,0.031431,0.005592,0.036637,0.140571,0.043579,CCN19103010000226
227_L6 IT CTX,L6 IT CTX Osr1,L6 IT CTX,L4/5/6 IT Car3,Glutamatergic,29082,0.275806,0.724194,0.016333,0.003026,0.057596,0,0.001479,0,0.06492,0.009559,0.051681,0.048552,0.000481,0.023795,0.088233,0.019703,0.002854,0.611787,CCN19103010000227
228_L6 IT CTX,L6 IT CTX Osr1,L6 IT CTX,L4/5/6 IT Car3,Glutamatergic,17747,0.301516,0.698484,0.138897,0.056404,0.030484,0,0.001578,0,0.209726,0.053643,0.180369,0.010086,0.000225,0.076069,0.076407,0.028681,0.002986,0.134445,CCN19103010000228
229_L6 IT CTX,L6 IT CTX Osr1,L6 IT CTX,L4/5/6 IT Car3,Glutamatergic,2553,0.407364,0.592636,0.42734,0.046612,0.030552,0,0.003525,0,0.095182,0.027419,0.214258,0.003917,0.003525,0.052487,0.009009,0.019193,0.012926,0.054054,CCN19103010000229
230_L6 IT CTX,L6 IT CTX Osr1,L6 IT CTX,L4/5/6 IT Car3,Glutamatergic,2799,0.340121,0.659879,0.112183,0.00393,0.090747,0,0.005359,0,0.046802,0.012147,0.052519,0.045731,0.001786,0.035727,0.017506,0.023223,0.016077,0.536263,CCN19103010000230
231_L6 IT CTX,L6 IT CTX Osr1,L6 IT CTX,L4/5/6 IT Car3,Glutamatergic,482,0.510373,0.489627,0.062241,0.147303,0.070539,0,0.062241,0,0,0,0.211618,0.002075,0.012448,0.004149,0,0.080913,0.284232,0.062241,CCN19103010000231
232_L6 IT CTX,L6 IT CTX Osr1,L6 IT CTX,L4/5/6 IT Car3,Glutamatergic,241,0.593361,0.406639,0,0.348548,0,0,0.070539,0,0,0,0.020747,0,0,0,0,0.232365,0.327801,0,CCN19103010000232
233_L6 IT ENTl,L6 IT ENTl Dlk1,L6 IT ENTl,L4/5/6 IT Car3,Glutamatergic,764,0.539267,0.460733,0,0.013089,0,0,0.926702,0,0,0,0,0,0,0,0,0.013089,0.04712,0,CCN19103010000233
234_L6 IT ENTl,L6 IT ENTl Dlk1,L6 IT ENTl,L4/5/6 IT Car3,Glutamatergic,351,0.586895,0.413105,0,0.008547,0.002849,0,0.928775,0,0,0,0,0,0,0,0,0.002849,0.05698,0,CCN19103010000234
235_L6 IT ENTl,L6 IT ENTl Dlk1,L6 IT ENTl,L4/5/6 IT Car3,Glutamatergic,174,0.678161,0.321839,0,0,0.005747,0,0.971264,0,0,0,0,0,0,0,0,0.005747,0.017241,0,CCN19103010000235
236_Car3,Car3,Car3,L4/5/6 IT Car3,Glutamatergic,4754,0.564577,0.435423,0,0.014304,0.486748,0,0,0,0.002103,0.00021,0.013673,0.023349,0,0,0.047118,0.216239,0.04796,0.148296,CCN19103010000236
237_Car3,Car3,Car3,L4/5/6 IT Car3,Glutamatergic,6272,0.453284,0.546716,0,0.072545,0.117347,0,0.001116,0,0.000159,0,0.000478,0.000638,0,0,0.000159,0.058673,0.734534,0.014349,CCN19103010000237
238_Car3,Car3,Car3,L4/5/6 IT Car3,Glutamatergic,12624,0.481622,0.518378,0,0.396071,0.083967,7.92E-05,0.00903,0,0.04935,0.000713,0.02321,0.006099,0,0,0.01006,0.180292,0.156844,0.084284,CCN19103010000238
239_L5 PT CTX,L5 PT CTX Chrna6,L5 PT CTX,PT,Glutamatergic,1204,0.167774,0.832226,0,0,0.001661,0,0,0,0,0,0,0.020764,0.001661,0.024086,0.000831,0,0,0.950997,CCN19103010000239
240_L5 PT CTX,L5 PT CTX Chrna6,L5 PT CTX,PT,Glutamatergic,191,0.335079,0.664921,0,0,0.282723,0,0,0,0.031414,0,0,0.073298,0,0.005236,0.036649,0,0.010471,0.560209,CCN19103010000240
241_L5 PT CTX,L5 PT CTX Chrna6,L5 PT CTX,PT,Glutamatergic,165,0.157576,0.842424,0,0,0.006061,0,0,0,0,0,0,0.048485,0,0,0.024242,0,0,0.921212,CCN19103010000241
242_L5 PT CTX,L5 PT CTX Chrna6,L5 PT CTX,PT,Glutamatergic,405,0.375309,0.624691,0.007407,0,0.187654,0,0,0,0.002469,0,0.004938,0.004938,0,0,0,0.009877,0.679012,0.103704,CCN19103010000242
243_L5 PT CTX,L5 PT CTX Npnt,L5 PT CTX,PT,Glutamatergic,65,0.261538,0.738462,0,0,0.015385,0,0,0,0,0,0,0.061538,0,0.030769,0.015385,0,0,0.876923,CCN19103010000243
244_L5 PT CTX,L5 PT CTX Npnt,L5 PT CTX,PT,Glutamatergic,285,0.136842,0.863158,0,0,0.031579,0,0,0,0,0,0.003509,0.049123,0,0,0.003509,0,0,0.912281,CCN19103010000244
245_L5 PT CTX,L5 PT CTX Npnt,L5 PT CTX,PT,Glutamatergic,1360,0.192647,0.807353,0.001471,0,0.023529,0,0.000735,0,0,0.000735,0,0.011029,0.001471,0.067647,0,0,0.000735,0.892647,CCN19103010000245
246_L5 PT CTX,L5 PT CTX Npnt,L5 PT CTX,PT,Glutamatergic,690,0.36087,0.63913,0,0,0.175362,0,0,0,0.011594,0,0,0.115942,0,0,0.050725,0.12029,0.027536,0.498551,CCN19103010000246
247_L5 PT CTX,L5 PT CTX Npnt,L5 PT CTX,PT,Glutamatergic,402,0.30597,0.69403,0,0.004975,0.039801,0,0,0,0.231343,0.007463,0.074627,0.069652,0,0,0.176617,0.079602,0,0.31592,CCN19103010000247
248_L5 PT CTX,L5 PT CTX Npnt,L5 PT CTX,PT,Glutamatergic,643,0.399689,0.600311,0.099688,0.046729,0.014019,0,0,0,0.207165,0.205607,0.146417,0.037383,0,0.040498,0.037383,0.023364,0.004673,0.137072,CCN19103010000248
249_L5 PT CTX,L5 PT CTX Cdh13,L5 PT CTX,PT,Glutamatergic,135,0.748148,0.251852,0,0.007407,0,0,0,0,0.288889,0.696296,0,0,0,0,0.007407,0,0,0,CCN19103010000249
250_L5 PT CTX,L5 PT CTX Cdh13,L5 PT CTX,PT,Glutamatergic,81,0.617284,0.382716,0,0,0.024691,0,0,0,0,0,0.012346,0.012346,0,0,0.679012,0.222222,0,0.049383,CCN19103010000250
251_L5 PT CTX,L5 PT CTX Cdh13,L5 PT CTX,PT,Glutamatergic,145,0.448276,0.551724,0.386207,0,0,0,0,0,0,0.013793,0.565517,0,0,0.02069,0,0,0,0.013793,CCN19103010000251
252_L5 PT CTX,L5 PT CTX Cdh13,L5 PT CTX,PT,Glutamatergic,1430,0.416783,0.583217,0.081119,0.087413,0.058042,0,0.002098,0.000699,0.130769,0.097203,0.332867,0.002797,0.004196,0.006993,0.024476,0.107692,0.031469,0.032168,CCN19103010000252
253_L5 PT CTX,L5 PT CTX Cdh13,L5 PT CTX,PT,Glutamatergic,1968,0.439024,0.560976,0.291307,0.004067,0.032028,0,0.01881,0,0.000508,0,0.378241,0,0,0.034062,0,0.006609,0.16726,0.067107,CCN19103010000253
254_L5 PT CTX,L5 PT CTX Cdh13,L5 PT CTX,PT,Glutamatergic,1324,0.382931,0.617069,0.072508,0.10423,0.037009,0,0.001511,0,0.017372,0.048338,0.526435,0.000755,0,0.003021,0.000755,0.06571,0.082326,0.04003,CCN19103010000254
255_L5 PT CTX,L5 PT CTX Cdh13,L5 PT CTX,PT,Glutamatergic,2733,0.417124,0.582876,0.001098,0.07135,0.029272,0,0.000366,0,0,0,0.378705,0,0,0.000366,0,0.067691,0.437614,0.013538,CCN19103010000255
256_L5 PT CTX,L5 PT CTX C1ql2,L5 PT CTX,PT,Glutamatergic,138,0.347826,0.652174,0,0,0,0,0.107692,0,0,0,0,0,0.384615,0.376923,0,0,0,0.130769,CCN19103010000256
257_L5 PT CTX,L5 PT CTX Cdh13,L5 PT CTX,PT,Glutamatergic,1254,0.280702,0.719298,0.004785,0.00638,0.098086,0,0,0,0.00319,0,0.063796,0.016746,0.002392,0.050239,0,0.003987,0.044657,0.705742,CCN19103010000257
258_L5 PT CTX,L5 PT CTX Cdh13,L5 PT CTX,PT,Glutamatergic,640,0.164063,0.835938,0.001563,0,0.0125,0,0,0,0,0,0.001563,0.023438,0,0.025,0.004688,0,0,0.93125,CCN19103010000258
259_L5 PT CTX,L5 PT CTX Cdh13,L5 PT CTX,PT,Glutamatergic,2686,0.275875,0.724125,0.002978,0.003351,0.075577,0,0,0,0.006329,0,0.034252,0.030901,0,0.015264,0.023083,0.008191,0.010052,0.790022,CCN19103010000259
260_L5 PT CTX,L5 PT CTX C1ql2,L5 PT CTX,PT,Glutamatergic,1066,0.237336,0.762664,0.101291,0,0,0,0.000993,0,0.006951,0.000993,0,0,0.00993,0.831182,0,0,0,0.048659,CCN19103010000260
261_L4 RSP-ACA,L4 RSP-ACA Scnn1a,L4 RSP-ACA,PT,Glutamatergic,4823,0.319718,0.680282,0.103058,0,0,0,0.000214,0,0,0,0,0,0.005131,0.891597,0,0,0,0,CCN19103010000261
262_L4 RSP-ACA,L4 RSP-ACA Scnn1a,L4 RSP-ACA,PT,Glutamatergic,26,1,0,0,0,0,0,0,0,0,0,0,0,0,1,0,0,0,0,CCN19103010000262
263_L5 PPP,L5 PPP Ptgfr,L5 PPP,PT,Glutamatergic,1232,0.398539,0.601461,0,0,0,0,0.043019,0,0,0,0,0,0.956169,0.000812,0,0,0,0,CCN19103010000263
264_L5/6 NP CTX,L5/6 NP CTX Sla2,L5/6 NP CTX,NP/CT/L6b,Glutamatergic,274,0.437956,0.562044,0.437956,0,0,0,0,0,0,0.00365,0,0,0.007299,0.551095,0,0,0,0,CCN19103010000264
265_L5/6 NP CTX,L5/6 NP CTX Sla2,L5/6 NP CTX,NP/CT/L6b,Glutamatergic,13173,0.397632,0.602368,0.042208,0.070599,0.086465,0,0.000683,0,0.116298,0.085782,0.098839,0.023153,7.59E-05,0.031807,0.127837,0.062476,0.051469,0.202308,CCN19103010000265
266_L5/6 NP CTX,L5/6 NP CTX Sla2,L5/6 NP CTX,NP/CT/L6b,Glutamatergic,7154,0.40998,0.59002,0.055354,0.210092,0.040677,0,0.00014,0,0.169555,0.086245,0.207017,0.001538,0.00014,0.000978,0.014957,0.099665,0.10889,0.004753,CCN19103010000266
267_L5/6 NP CTX,L5/6 NP CTX Sla2,L5/6 NP CTX,NP/CT/L6b,Glutamatergic,9785,0.357179,0.642821,0.099959,0.011038,0.084832,0,0.001942,0,0.134403,0.061733,0.045074,0.04027,0.003066,0.096075,0.065515,0.015536,0.020748,0.319808,CCN19103010000267
268_L5/6 NP CTX,L5/6 NP CTX Sla2,L5/6 NP CTX,NP/CT/L6b,Glutamatergic,1083,0.511542,0.488458,0.397969,0,0,0,0,0,0.050785,0.034164,0.000923,0,0.000923,0.481994,0.000923,0,0,0.032318,CCN19103010000268
269_L5/6 NP CTX,L5/6 NP CTX Sla2,L5/6 NP CTX,NP/CT/L6b,Glutamatergic,292,0.356164,0.643836,0.092466,0,0,0,0,0,0,0,0,0,0.041096,0.866438,0,0,0,0,CCN19103010000269
270_L5/6 NP CT CTX,L5/6 NP CT CTX Sla2 Col12a1,L5/6 NP CTX,NP/CT/L6b,Glutamatergic,2247,0.300401,0.699599,0.108144,0.036493,0.013796,0,0.00267,0,0.112595,0.062305,0.099243,0.022252,0.004005,0.161549,0.026702,0.016911,0.009791,0.323543,CCN19103010000270
271_NP SUB,NP SUB Ly6g6e,NP SUB,NP/CT/L6b,Glutamatergic,234,0.470085,0.529915,0,0,0,0,0,0.209402,0,0,0.008547,0,0.782051,0,0,0,0,0,CCN19103010000271
272_NP SUB,NP SUB Ly6g6e,NP SUB,NP/CT/L6b,Glutamatergic,537,0.499069,0.500931,0.01676,0,0,0,0.001862,0.078212,0,0,0,0,0.893855,0.009311,0,0,0,0,CCN19103010000272
273_NP SUB,NP SUB Ly6g6e,NP SUB,NP/CT/L6b,Glutamatergic,1006,0.533797,0.466203,0.002982,0,0,0,0.014911,0.008946,0,0,0,0,0.949304,0.023857,0,0,0,0,CCN19103010000273
274_NP SUB,NP SUB Ly6g6e,NP SUB,NP/CT/L6b,Glutamatergic,346,0.462428,0.537572,0,0,0,0,0.037572,0,0,0,0,0,0.962428,0,0,0,0,0,CCN19103010000274
275_NP PPP,NP PPP Tmem255b,NP PPP,NP/CT/L6b,Glutamatergic,1781,0.403706,0.596294,0.000561,0,0,0,0.063448,0,0,0,0,0,0.930376,0.005615,0,0,0,0,CCN19103010000275
276_NP PPP,NP PPP Tmem255b,NP PPP,NP/CT/L6b,Glutamatergic,895,0.547486,0.452514,0,0,0,0,0.546369,0,0,0,0,0,0.452514,0,0,0,0.001117,0,CCN19103010000276
277_NP PPP,NP PPP Tmem255b,NP PPP,NP/CT/L6b,Glutamatergic,78,0.666667,0.333333,0,0,0,0,0.782051,0,0,0,0,0,0.217949,0,0,0,0,0,CCN19103010000277
278_L6 CT CTX,L6 CT CTX Syt6,L6 CT CTX,NP/CT/L6b,Glutamatergic,1967,0.339603,0.660397,0.21058,0.009156,0.013225,0,0.000509,0,0.067141,0.011699,0.105799,0.036114,0.000509,0.156663,0.025941,0.008647,0.007121,0.346897,CCN19103010000278
279_L6 CT CTX,L6 CT CTX Syt6,L6 CT CTX,NP/CT/L6b,Glutamatergic,3141,0.2461,0.7539,0.034439,0,0,0,0.000319,0,0.000319,0,0,0,0.007015,0.95727,0,0,0.000638,0,CCN19103010000279
280_L6 CT CTX,L6 CT CTX Syt6,L6 CT CTX,NP/CT/L6b,Glutamatergic,2259,0.517486,0.482514,0.726306,0,0,0,0.003543,0,0.075288,0.034544,0.036758,0,0.000443,0.069973,0,0,0.000443,0.052702,CCN19103010000280
281_L6 CT CTX,L6 CT CTX Syt6,L6 CT CTX,NP/CT/L6b,Glutamatergic,494,0.323887,0.676113,0.214575,0.020243,0,0,0.002024,0,0.115385,0.082996,0.510121,0.004049,0,0.006073,0.002024,0.006073,0,0.036437,CCN19103010000281
282_L6 CT CTX,L6 CT CTX Syt6,L6 CT CTX,NP/CT/L6b,Glutamatergic,8062,0.480278,0.519722,0.005334,0.180848,0.062019,0,0.001861,0,0.000248,0,0.17229,0.000868,0,0.000868,0.000248,0.138055,0.404366,0.032994,CCN19103010000282
283_L6 CT CTX,L6 CT CTX Syt6,L6 CT CTX,NP/CT/L6b,Glutamatergic,9082,0.4085,0.5915,0.052411,0.078397,0.058137,0,0.011341,0.00011,0.001211,0.00033,0.200066,0.003083,0.007377,0.00022,0.001762,0.046906,0.496807,0.041841,CCN19103010000283
284_L6 CT CTX,L6 CT CTX Syt6,L6 CT CTX,NP/CT/L6b,Glutamatergic,1864,0.317597,0.682403,0.004292,0.014485,0.159335,0,0,0,0.244099,0.016094,0.024678,0.02897,0,0.010193,0.098712,0.050429,0.006438,0.342275,CCN19103010000284
285_L6 CT CTX,L6 CT CTX Syt6,L6 CT CTX,NP/CT/L6b,Glutamatergic,162,0.407407,0.592593,0.006173,0.141975,0,0,0.006173,0,0,0,0.148148,0,0.006173,0,0,0.074074,0.592593,0.024691,CCN19103010000285
286_L6 CT CTX,L6 CT CTX Syt6,L6 CT CTX,NP/CT/L6b,Glutamatergic,1963,0.259806,0.740194,0.001528,0.00917,0.056037,0,0.000509,0,0.005094,0,0.036169,0.078451,0.001019,0.009679,0.028018,0.04432,0.046867,0.683138,CCN19103010000286
287_L6 CT CTX,L6 CT CTX Syt6,L6 CT CTX,NP/CT/L6b,Glutamatergic,25331,0.339426,0.660574,0.000553,0.004066,0.104852,0,0,0,0.078481,0.001263,0.031503,0.045794,0,0.007856,0.185188,0.056216,0.006553,0.477676,CCN19103010000287
288_L6 CT CTX,L6 CT CTX Syt6,L6 CT CTX,NP/CT/L6b,Glutamatergic,26204,0.304419,0.695581,0.002786,0.049534,0.116891,0,0.000229,0,0.010037,0.000878,0.100252,0.036636,0.000114,0.009655,0.059495,0.052549,0.053923,0.507022,CCN19103010000288
289_L6 CT CTX,L6 CT CTX Syt6,L6 CT CTX,NP/CT/L6b,Glutamatergic,2470,0.321457,0.678543,0.006478,0.133198,0.044939,0,0,0,0.242105,0.0417,0.163968,0.024291,0,0.000405,0.098381,0.106883,0.01336,0.124291,CCN19103010000289
290_L6 CT CTX,L6 CT CTX Syt6,L6 CT CTX,NP/CT/L6b,Glutamatergic,57219,0.294622,0.705378,0.113669,0.090792,0.009245,0,6.99E-05,1.75E-05,0.331201,0.070186,0.158199,0.006956,0.00028,0.019259,0.0827,0.044531,0.002866,0.070029,CCN19103010000290
291_L6 CT CTX,L6 CT CTX Syt6,L6 CT CTX,NP/CT/L6b,Glutamatergic,1175,0.305532,0.694468,0.21617,0.003404,0,0,0.000851,0,0.355745,0.090213,0.085106,0.013617,0.000851,0.052766,0.009362,0.000851,0.000851,0.170213,CCN19103010000291
292_L6 CT CTX,L6 CT CTX Syt6,L6 CT CTX,NP/CT/L6b,Glutamatergic,4180,0.302392,0.697608,0.076794,0.119378,0.009091,0,0,0,0.275359,0.086364,0.149043,0.033014,0.000239,0.00933,0.043062,0.019856,0.002632,0.175837,CCN19103010000292
293_L6 CT CTX,L6 CT CTX Syt6,L6 CT CTX,NP/CT/L6b,Glutamatergic,9529,0.493021,0.506979,0.541417,0.000105,0,0,0.000105,0.000105,0.030236,0.007874,0.060682,0.00021,0.004094,0.303727,0,0.000105,0,0.051339,CCN19103010000293
294_CT SUB,CT SUB Rorb,CT SUB,NP/CT/L6b,Glutamatergic,3829,0.413685,0.586315,0,0,0,0,0.082528,0,0,0,0,0,0.91695,0,0,0,0.000522,0,CCN19103010000294
295_CT SUB,CT SUB Rorb,CT SUB,NP/CT/L6b,Glutamatergic,190,0.6,0.4,0,0,0,0,0.042105,0.005263,0,0,0,0,0.942105,0,0,0,0.010526,0,CCN19103010000295
296_CT SUB,CT SUB Rorb,CT SUB,NP/CT/L6b,Glutamatergic,1747,0.607327,0.392673,0,0,0,0,0.107041,0.001717,0,0,0,0,0.891242,0,0,0,0,0,CCN19103010000296
297_CT SUB,CT SUB Rorb,CT SUB,NP/CT/L6b,Glutamatergic,161,0.490683,0.509317,0.031056,0,0,0,0.037267,0.018634,0,0,0,0,0.819876,0.049689,0,0,0,0.043478,CCN19103010000297
298_L6 CT ENT,L6 CT ENT Rasgrf2 Rmst,L6b/CT ENT,NP/CT/L6b,Glutamatergic,11968,0.613469,0.386531,0,0,0,0,0.695772,0,0,0,0,0,0.29512,0.000585,0,0,0.007269,0.001253,CCN19103010000298
299_L6 CT ENT,L6 CT ENT Rasgrf2 Rmst,L6b/CT ENT,NP/CT/L6b,Glutamatergic,2809,0.548594,0.451406,0,0,0,0,0.827697,0,0,0,0,0,0.055536,0,0,0,0.116768,0,CCN19103010000299
300_L6b ENT,L6b ENT Cplx3 Cobll1,L6b/CT ENT,NP/CT/L6b,Glutamatergic,5137,0.542145,0.457855,0,0.000195,0,0,0.866264,0,0,0,0,0,0.035235,0,0,0.000389,0.097917,0,CCN19103010000300
301_L6b ENT,L6b ENT Cplx3 Cobll1,L6b/CT ENT,NP/CT/L6b,Glutamatergic,327,0.599388,0.400612,0,0,0,0,1,0,0,0,0,0,0,0,0,0,0,0,CCN19103010000301
302_L6b ENT,L6b ENT Cplx3 Cobll1,L6b/CT ENT,NP/CT/L6b,Glutamatergic,690,0.515942,0.484058,0,0,0,0,0.852174,0,0,0,0,0,0.044928,0,0,0,0.102899,0,CCN19103010000302
303_L6b CTX,L6b CTX Nxph4,L6b CTX,NP/CT/L6b,Glutamatergic,1459,0.47087,0.52913,0,0.026731,0.033585,0,0.095956,0,0,0,0.001371,0,0.07608,0,0,0.01645,0.747772,0.002056,CCN19103010000303
304_L6b CTX,L6b CTX Clic5,L6b CTX,NP/CT/L6b,Glutamatergic,4513,0.324618,0.675382,0.144282,0.02172,0.066046,0,0.019282,0,0.152926,0.025044,0.152261,0.00953,0.046764,0.010417,0.111924,0.04078,0.056738,0.142287,CCN19103010000304
305_L6b CTX,L6b CTX Clic5,L6b CTX,NP/CT/L6b,Glutamatergic,311,0.379421,0.620579,0,0.016077,0.131833,0,0.067524,0,0,0,0,0,0.009646,0,0.006431,0.26045,0.508039,0,CCN19103010000305
306_L6b CTX,L6b CTX Clic5,L6b CTX,NP/CT/L6b,Glutamatergic,2073,0.283647,0.716353,0,0,0.167873,0,0.004342,0,0.017849,0,0,0.050169,0.004342,0,0.073806,0.009648,0.016401,0.655572,CCN19103010000306
307_L6b CTX,L6b CTX Clic5,L6b CTX,NP/CT/L6b,Glutamatergic,1259,0.350278,0.649722,0.009531,0.000794,0.020651,0,0,0,0.350278,0.01112,0.00556,0.017474,0,0,0.448769,0.052423,0,0.0834,CCN19103010000307
308_L6b RHP,L6b RHP Nxph4 Cobll1,L6b CTX,NP/CT/L6b,Glutamatergic,61,0.655738,0.344262,0,0,0.016393,0,0.295082,0,0,0,0,0,0.639344,0,0,0,0,0.04918,CCN19103010000308
309_L6b RHP,L6b RHP Nxph4 Cobll1,L6b CTX,NP/CT/L6b,Glutamatergic,65,0.953846,0.046154,0,0,0,0,0.984615,0,0,0,0,0,0.015385,0,0,0,0,0,CCN19103010000309
310_L6b RHP,L6b RHP Nxph4 Cobll1,L6b CTX,NP/CT/L6b,Glutamatergic,1298,0.521572,0.478428,0,0.008475,0.003852,0,0.57319,0.00077,0,0,0,0,0.348998,0,0,0.001541,0.063174,0,CCN19103010000310
311_L6b CTX,L6b CTX Clic5,L6b CTX,NP/CT/L6b,Glutamatergic,995,0.296482,0.703518,0.2,0.00201,0.00201,0,0.00201,0,0.508543,0.048241,0.041206,0.003015,0.00804,0.00804,0.136683,0.005025,0.00402,0.031156,CCN19103010000311
312_L6b CTX,L6b CTX Clic5,L6b CTX,NP/CT/L6b,Glutamatergic,644,0.282609,0.717391,0,0.001553,0.100932,0,0.001553,0,0.166149,0.001553,0,0.041925,0.01087,0,0.118012,0.009317,0.045031,0.503106,CCN19103010000312
313_L6b CTX,L6b CTX Clic5,L6b CTX,NP/CT/L6b,Glutamatergic,581,0.366609,0.633391,0.086059,0.024096,0.061962,0,0.027539,0,0.144578,0.025818,0.072289,0.012048,0.13253,0.015491,0.16179,0.034423,0.055077,0.146299,CCN19103010000313
314_L6b CTX,L6b CTX Clic5,L6b CTX,NP/CT/L6b,Glutamatergic,387,0.346253,0.653747,0,0.002584,0.134367,0,0.023256,0,0.002584,0,0,0.028424,0.031008,0.002584,0.015504,0.015504,0.209302,0.534884,CCN19103010000314
315_L6b CTX,L6b CTX Clic5,L6b CTX,NP/CT/L6b,Glutamatergic,909,0.293729,0.706271,0.110011,0.014301,0.007701,0,0,0,0.40374,0.037404,0.113311,0.005501,0,0.008801,0.179318,0.017602,0.0033,0.09901,CCN19103010000315
316_L6b CTX,L6b CTX Clic5,L6b CTX,NP/CT/L6b,Glutamatergic,1799,0.285158,0.714842,0.163424,0.055031,0.017788,0,0.003891,0,0.382991,0.047248,0.188438,0.001112,0.021123,0.006115,0.071707,0.013897,0.018344,0.008894,CCN19103010000316
317_L6b CTX,L6b CTX Slc17a8,L6b CTX,NP/CT/L6b,Glutamatergic,849,0.383981,0.616019,0.096812,0.087367,0.061393,0,0.029516,0.001181,0.095632,0.023613,0.102715,0.010626,0.089728,0.030697,0.066116,0.082645,0.09327,0.128689,CCN19103010000317
318_SUB,SUB Fn1,SUB-ProS,DG/SUB/CA,Glutamatergic,735,0.534694,0.465306,0,0,0,0,0,0.055782,0,0,0,0,0.92381,0.020408,0,0,0,0,CCN19103010000318
319_SUB,SUB Fn1,SUB-ProS,DG/SUB/CA,Glutamatergic,767,0.408083,0.591917,0,0,0,0,0,0.006519,0,0,0,0,0.993481,0,0,0,0,0,CCN19103010000319
320_SUB,SUB Fn1,SUB-ProS,DG/SUB/CA,Glutamatergic,820,0.502439,0.497561,0,0,0,0,0.006098,0,0,0,0,0,0.993902,0,0,0,0,0,CCN19103010000320
321_SUB,SUB Fn1,SUB-ProS,DG/SUB/CA,Glutamatergic,532,0.567669,0.432331,0,0,0,0,0,0.039474,0,0,0,0,0.960526,0,0,0,0,0,CCN19103010000321
322_ProS,ProS Arhgap6,SUB-ProS,DG/SUB/CA,Glutamatergic,98,0.744898,0.255102,0,0,0,0,0.010204,0,0,0,0,0,0.989796,0,0,0,0,0,CCN19103010000322
323_ProS,ProS Arhgap6,SUB-ProS,DG/SUB/CA,Glutamatergic,423,0.739953,0.260047,0,0,0,0,0.01182,0.111111,0,0,0,0,0.877069,Dcn,0,0,0,0,CCN19103010000323
324_ProS,ProS Arhgap6,SUB-ProS,DG/SUB/CA,Glutamatergic,320,0.459375,0.540625,0,0,0,0,0,0.171875,0,0,0,0,0.828125,0,0,0,0,0,CCN19103010000324
325_ProS,ProS Arhgap6,SUB-ProS,DG/SUB/CA,Glutamatergic,115,0.913043,0.086957,0,0,0,0,0.052174,0,0,0,0,0,0.947826,0,0,0,0,0,CCN19103010000325
326_ProS,ProS Arhgap6,SUB-ProS,DG/SUB/CA,Glutamatergic,298,0.741611,0.258389,0,0,0,0,0,0.003356,0,0,0,0,0.996644,0,0,0,0,0,CCN19103010000326
327_ProS,ProS Arhgap6,SUB-ProS,DG/SUB/CA,Glutamatergic,221,0.606335,0.393665,0,0,0,0,0,0.027149,0,0,0,0,0.972851,0,0,0,0,0,CCN19103010000327
328_ProS,ProS Arhgap6,SUB-ProS,DG/SUB/CA,Glutamatergic,329,0.702128,0.297872,0,0,0,0,0,0.009119,0,0,0,0,0.990881,0,0,0,0,0,CCN19103010000328
329_CA1-ProS,CA1-ProS Dlk1,CA1-ProS,DG/SUB/CA,Glutamatergic,360,0.477778,0.522222,0,0,0,0,0,0.041667,0,0,0,0,0.958333,0,0,0,0,0,CCN19103010000329
330_CA1-ProS,CA1-ProS Dlk1,CA1-ProS,DG/SUB/CA,Glutamatergic,491,0.401222,0.598778,0,0,0,0,0,0.228106,0,0,0,0,0.771894,0,0,0,0,0,CCN19103010000330
331_CA1-ProS,CA1-ProS Dlk1,CA1-ProS,DG/SUB/CA,Glutamatergic,181,0.767956,0.232044,0,0,0,0,0,0,0,0,0,0,1,0,0,0,0,0,CCN19103010000331
332_CA1-ProS,CA1-ProS Dlk1,CA1-ProS,DG/SUB/CA,Glutamatergic,251,0.565737,0.434263,0,0,0,0,0.003984,0.083665,0,0,0,0,0.912351,0,0,0,0,0,CCN19103010000332
333_CA1-ProS,CA1-ProS Dlk1,CA1-ProS,DG/SUB/CA,Glutamatergic,1443,0.523909,0.476091,0,0,0,0,0,0.192654,0,0,0,0,0.807346,0,0,0,0,0,CCN19103010000333
334_CA1-ve,CA1-ve Gpc3,CA1-ProS,DG/SUB/CA,Glutamatergic,175,0.994286,0.005714,0,0,0,0,0.068571,0.382857,0,0,0,0,0.548571,0,0,0,0,0,CCN19103010000334
335_CA1-ve,CA1-ve Gpc3,CA1-ProS,DG/SUB/CA,Glutamatergic,90,1,0,0,0,0,0,0,1,0,0,0,0,0,0,0,0,0,0,CCN19103010000335
336_CA1-ve,CA1-ve Gpc3,CA1-ProS,DG/SUB/CA,Glutamatergic,170,0.9,0.1,0,0,0,0,0,0.947059,0,0,0,0,0.052941,0,0,0,0,0,CCN19103010000336
337_CA1,CA1 Lefty1,CA1-ProS,DG/SUB/CA,Glutamatergic,1007,0.489573,0.510427,0,0,0,0,0,0.898709,0,0,0,0,0.101291,0,0,0,0,0,CCN19103010000337
338_CA1,CA1 Lefty1,CA1-ProS,DG/SUB/CA,Glutamatergic,1531,0.378837,0.621163,0,0,0,0,0,0.993468,0,0,0,0,0.006532,0,0,0,0,0,CCN19103010000338
339_CA1,CA1 Lefty1,CA1-ProS,DG/SUB/CA,Glutamatergic,976,0.419057,0.580943,0,0,0,0,0,1,0,0,0,0,0,0,0,0,0,0,CCN19103010000339
340_CA1,CA1 Lefty1,CA1-ProS,DG/SUB/CA,Glutamatergic,382,0.680628,0.319372,0,0,0,0,0,0.997382,0,0,0,0,0.002618,0,0,0,0,0,CCN19103010000340
341_CA1,CA1 Lefty1,CA1-ProS,DG/SUB/CA,Glutamatergic,82,0.780488,0.219512,0,0,0,0,0,1,0,0,0,0,0,0,0,0,0,0,CCN19103010000341
342_CA1,CA1 Lefty1,CA1-ProS,DG/SUB/CA,Glutamatergic,547,0.50457,0.49543,0,0,0,0,0.005484,0.411335,0,0,0,0,0.583181,0,0,0,0,0,CCN19103010000342
343_CA1,CA1 Lefty1,CA1-ProS,DG/SUB/CA,Glutamatergic,40,0.45,0.55,0,0,0,0,0,1,0,0,0,0,0,0,0,0,0,0,CCN19103010000343
344_CA1,CA1 Lefty1,CA1-ProS,DG/SUB/CA,Glutamatergic,426,0.507042,0.492958,0,0,0,0,0,0.967136,0,0,0,0,0.032864,0,0,0,0,0,CCN19103010000344
345_CA1,CA1 Lefty1,CA1-ProS,DG/SUB/CA,Glutamatergic,117,0.504274,0.495726,0,0,0,0,0,0.74359,0,0,0,0,0.25641,0,0,0,0,0,CCN19103010000345
346_CA1-do,CA1-do Plekhg1,CA1-ProS,DG/SUB/CA,Glutamatergic,1357,0.365512,0.634488,0,0,0,0,0,0.989683,0,0,0,0,0.010317,0,0,0,0,0,CCN19103010000346
347_CA1-do,CA1-do Plekhg1,CA1-ProS,DG/SUB/CA,Glutamatergic,1289,0.251358,0.748642,0,0,0,0,0,0.998448,0,0,0,0,0.001552,0,0,0,0,0,CCN19103010000347
348_CA1-do,CA1-do Plekhg1,CA1-ProS,DG/SUB/CA,Glutamatergic,6686,0.228388,0.771612,0,0,0,0,0,0.999551,0,0,0,0,0.000449,0,0,0,0,0,CCN19103010000348
349_Mossy,Mossy Rgs12,CA3,DG/SUB/CA,Glutamatergic,31,0.193548,0.806452,0,0,0,0,0,1,0,0,0,0,0,0,0,0,0,0,CCN19103010000349
350_Mossy,Mossy Rgs12,CA3,DG/SUB/CA,Glutamatergic,144,0.319444,0.680556,0,0,0,0,0,1,0,0,0,0,0,0,0,0,0,0,CCN19103010000350
351_CA3-ve,CA3-ve Fam107a,CA3,DG/SUB/CA,Glutamatergic,41,0.512195,0.487805,0,0,0,0,0,1,0,0,0,0,0,0,0,0,0,0,CCN19103010000351
352_CA3-ve,CA3-ve Fam107a,CA3,DG/SUB/CA,Glutamatergic,307,0.286645,0.713355,0,0,0,0,0,1,0,0,0,0,0,0,0,0,0,0,CCN19103010000352
353_CA3-ve,CA3-ve Fam107a,CA3,DG/SUB/CA,Glutamatergic,47,0.170213,0.829787,0,0,0,0,0,1,0,0,0,0,0,0,0,0,0,0,CCN19103010000353
354_CA3-ve,CA3-ve Fam107a,CA3,DG/SUB/CA,Glutamatergic,398,0.190955,0.809045,0,0,0,0,0,0.997487,0,0,0,0,0.002513,0,0,0,0,0,CCN19103010000354
355_CA3-ve,CA3-ve Fam107a,CA3,DG/SUB/CA,Glutamatergic,178,0.533708,0.466292,0,0,0,0,0,1,0,0,0,0,0,0,0,0,0,0,CCN19103010000355
356_CA3-do,CA3-do Iyd,CA3,DG/SUB/CA,Glutamatergic,373,0.308311,0.691689,0,0,0,0,0,1,0,0,0,0,0,0,0,0,0,0,CCN19103010000356
357_CA3-do,CA3-do Iyd,CA3,DG/SUB/CA,Glutamatergic,323,0.25387,0.74613,0,0,0,0,0,1,0,0,0,0,0,0,0,0,0,0,CCN19103010000357
358_CA3-do,CA3-do Iyd,CA3,DG/SUB/CA,Glutamatergic,155,0.432258,0.567742,0,0,0,0,0,1,0,0,0,0,0,0,0,0,0,0,CCN19103010000358
359_CA2-IG-FC,CA2-IG-FC Ramp3,CA2-IG-FC,DG/SUB/CA,Glutamatergic,142,0.5,0.5,0.669014,0,0,0,0,0.330986,0,0,0,0,0,0,0,0,0,0,CCN19103010000359
360_CA2-IG-FC,CA2-IG-FC Ramp3,CA2-IG-FC,DG/SUB/CA,Glutamatergic,205,0.434146,0.565854,0.468293,0,0,0,0,0.531707,0,0,0,0,0,0,0,0,0,0,CCN19103010000360
361_DG,DG Prox1 ,DG,DG/SUB/CA,Glutamatergic,595,0.268908,0.731092,0,0,0,0,0,1,0,0,0,0,0,0,0,0,0,0,CCN19103010000361
362_DG,DG Prox1 ,DG,DG/SUB/CA,Glutamatergic,5392,0.491469,0.508531,0,0,0,0,0,0.976447,0,0,0,0,0.023553,0,0,0,0,0,CCN19103010000362
363_DG,DG Prox1 ,DG,DG/SUB/CA,Glutamatergic,48845,0.232531,0.767469,0,0,0,0,0,0.998874,0,0,0,0,0.001106,0,0,0,0,2.05E-05,CCN19103010000363
364_DG,DG Prox1 ,DG,DG/SUB/CA,Glutamatergic,6590,0.309105,0.690895,0,0,0,0,0,0.998634,0,0,0,0,0.001214,0.000152,0,0,0,0,CCN19103010000364
365_Oligo,Oligo Pdgfra,Oligo,Other,Non-Neuronal,3330,0.441441,0.558559,0.009309,0.103904,0.085886,0,0.027327,0.060961,0.034234,0.039339,0.099099,0.021021,0.033634,0.030931,0.081381,0.103604,0.15045,0.118919,CCN19103010000365
366_Oligo,Oligo Pdgfra,Oligo,Other,Non-Neuronal,168,0.458333,0.541667,0.011905,0.154762,0.095238,0,0.017857,0.02381,0.02381,0.047619,0.113095,0.011905,0.005952,0.035714,0.053571,0.083333,0.130952,0.190476,CCN19103010000366
367_Oligo,Oligo Neu4,Oligo,Other,Non-Neuronal,178,0.382022,0.617978,0.016854,0.117978,0.033708,0,0.016854,0.033708,0.02809,0.11236,0.11236,0.005618,0.016854,0.067416,0.095506,0.073034,0.11236,0.157303,CCN19103010000367
368_Oligo,Oligo Neu4,Oligo,Other,Non-Neuronal,399,0.453634,0.546366,0.015038,0.102757,0.102757,0,0.010025,0.042607,0.030075,0.057644,0.097744,0.025063,0.012531,0.025063,0.100251,0.107769,0.122807,0.14787,CCN19103010000368
369_Oligo,Oligo Enpp6,Oligo,Other,Non-Neuronal,388,0.363402,0.636598,0.025773,0.100515,0.046392,0,0.023196,0.036082,0.095361,0.051546,0.136598,0.036082,0.018041,0.054124,0.082474,0.059278,0.056701,0.177835,CCN19103010000369
370_Oligo,Oligo Enpp6,Oligo,Other,Non-Neuronal,130,0.369231,0.630769,0.053846,0.076923,0.061538,0,0.015385,0.023077,0.084615,0.061538,0.123077,0.038462,0.030769,0.1,0.084615,0.061538,0.015385,0.169231,CCN19103010000370
371_Oligo,Oligo Enpp6,Oligo,Other,Non-Neuronal,120,0.333333,0.666667,0.016667,0.075,0.15,0,0.016667,0.025,0.091667,0.116667,0.1,0.016667,0.033333,0.033333,0.075,0.033333,0.041667,0.175,CCN19103010000371
372_Oligo,Oligo Opalin,Oligo,Other,Non-Neuronal,91,0.362637,0.637363,0.032967,0.054945,0.065934,0,0.010989,0.021978,0.076923,0.076923,0.208791,0.054945,0.010989,0.054945,0.087912,0.010989,0.032967,0.197802,CCN19103010000372
373_Oligo,Oligo Opalin,Oligo,Other,Non-Neuronal,549,0.35337,0.64663,0.018215,0.076503,0.096539,0,0.023679,0.023679,0.081967,0.076503,0.123862,0.030965,0.032787,0.041894,0.089253,0.04918,0.021858,0.213115,CCN19103010000373
374_Oligo,Oligo Opalin,Oligo,Other,Non-Neuronal,788,0.38198,0.61802,0.034264,0.049492,0.087563,0,0.017766,0.02665,0.058376,0.046954,0.13198,0.02665,0.043147,0.071066,0.138325,0.059645,0.031726,0.176396,CCN19103010000374
375_Oligo,Oligo Opalin,Oligo,Other,Non-Neuronal,3077,0.41664,0.58336,0.026974,0.0156,0.063373,0,0.023399,0.089373,0.072148,0.023724,0.060448,0.013975,0.043549,0.095873,0.272018,0.074423,0.009425,0.115697,CCN19103010000375
376_Astro,Astro Slc7a10,Astro,Other,Non-Neuronal,4607,0.385717,0.614283,0.017365,0.024745,0.035598,0,0.057738,0.103755,0.094204,0.049707,0.076405,0.014977,0.031257,0.04059,0.169959,0.089646,0.022357,0.171695,CCN19103010000376
377_Astro,Astro Gfap Apoe,Astro,Other,Non-Neuronal,35,0.6,0.4,0,0,0,0,0,0.771429,0,0,0.114286,0,0,0,0.028571,0.028571,0,0.057143,CCN19103010000377
378_Astro,Astro Gfap Apoe,Astro,Other,Non-Neuronal,226,0.349558,0.650442,0.026549,0.013274,0.022124,0,0.10177,0.20354,0.048673,0.013274,0.030973,0,0.013274,0.168142,0.137168,0.039823,0.017699,0.163717,CCN19103010000378
379_Endo,Endo Tek,Endo,Other,Non-Neuronal,1157,0.3535,0.6465,0.024201,0.01815,0.034572,0,0.031115,0.063959,0.094209,0.069144,0.051858,0.012965,0.021608,0.047537,0.212619,0.055315,0.023336,0.239412,CCN19103010000379
380_SMC-Peri,SMC Acta2,SMC-Peri,Other,Non-Neuronal,215,0.311628,0.688372,0.018605,0.004651,0.013953,0,0.027907,0.083721,0.065116,0.134884,0.051163,0.009302,0.051163,0.04186,0.190698,0.046512,0.013953,0.246512,CCN19103010000380
381_SMC-Peri,Peri Atp13a5,SMC-Peri,Other,Non-Neuronal,5,0.4,0.6,0,0,0,0,0,0,0.2,0.4,0,0,0,0,0,0,0,0.4,CCN19103010000381
382_SMC-Peri,Peri Atp13a5,SMC-Peri,Other,Non-Neuronal,201,0.318408,0.681592,0.0199,0,0.024876,0,0.0199,0.039801,0.114428,0.014925,0.039801,0.004975,0,0.0199,0.313433,0.034826,0.014925,0.338308,CCN19103010000382
383_VLMC,VLMC Dcn,VLMC,Other,Non-Neuronal,120,0.483333,0.516667,0.041667,0.025,0.025,0,0.025,0.125,0.075,0.241667,0.016667,0.025,0.008333,0,0.158333,0.05,0.05,0.133333,CCN19103010000383
384_VLMC,VLMC Dcn,VLMC,Other,Non-Neuronal,129,0.488372,0.511628,0.007752,0.007752,0.062016,0,0.077519,0.03876,0.023256,0.255814,0,0,0.054264,0.031008,0.03876,0.100775,0,0.302326,CCN19103010000384
385_VLMC,VLMC Dcn,VLMC,Other,Non-Neuronal,23,0.478261,0.521739,0,0,0.043478,0,0.130435,0,0,0.173913,0,0,0,0,0.086957,0.26087,0,0.304348,CCN19103010000385
386_Micro-PVM,MIcro Siglech,Micro-PVM,Other,Non-Neuronal,896,0.327009,0.672991,0.020089,0.015625,0.012277,0,0.032366,0.166295,0.117188,0.070313,0.071429,0.008929,0.035714,0.015625,0.165179,0.040179,0.026786,0.202009,CCN19103010000386
387_Micro-PVM,PVM Mrc1,Micro-PVM,Other,Non-Neuronal,109,0.40367,0.59633,0.009174,0,0,0,0.009174,0.669725,0.018349,0.045872,0.018349,0.009174,0,0.018349,0.137615,0.036697,0,0.027523,CCN19103010000387
388_Micro-PVM,PVM Mrc1,Micro-PVM,Other,Non-Neuronal,128,0.414063,0.585938,0,0,0.023438,0,0.109375,0.179688,0.039063,0.101563,0.046875,0.015625,0.09375,0.039063,0.09375,0.085938,0.007813,0.164063,CCN19103010000388
389_Low Quality,Low Quality,Low Quality,Low Quality,Low Quality,16,0,1,0,0,0,0,0,0,0,0,1,0,0,0,0,0,0,0,CCN19103010000389
390_Low Quality,Low Quality,Low Quality,Low Quality,Low Quality,92,0.956522,0.043478,0,0,0,0,1,0,0,0,0,0,0,0,0,0,0,0,CCN19103010000390
391_Low Quality,Low Quality,Low Quality,Low Quality,Low Quality,15,1,0,0,0,1,0,0,0,0,0,0,0,0,0,0,0,0,0,CCN19103010000391
,,,,,,,,,,,,,,,,,,,,,,,,
,,,,,,,,,,,,,,,,,,,,,,,,
,,,,,,,,,,,,,,,,,,,,,,,,
,,,,,,,,,,,,,,,,,,,,,,,,
,,,,,,,,,,,,,,,,,,,,,,,,
,,,,,,,,,,,,,,,,,,,,,,,,
,,,,,,,,,,,,,,,,,,,,,,,,
,,,,,,,,,,,,,,,,,,,,,,,,
,,,,,,,,,,,,,,,,,,,,,,,,
,,,,,,,,,,,,,,,,,,,,,,,,
,,,,,,,,,,,,,,,,,,,,,,,,
,,,,,,,,,,,,,,,,,,,,,,,,
,,,,,,,,,,,,,,,,,,,,,,,,
,,,,,,,,,,,,,,,,,,,,,,,,
,,,,,,,,,,,,,,,,,,,,,,,,
,,,,,,,,,,,,,,,,,,,,,,,,
,,,,,,,,,,,,,,,,,,,,,,,,
,,,,,,,,,,,,,,,,,,,,,,,,
,,,,,,,,,,,,,,,,,,,,,,,,
,,,,,,,,,,,,,,,,,,,,,,,,
,,,,,,,,,,,,,,,,,,,,,,,,
,,,,,,,,,,,,,,,,,,,,,,,,
,,,,,,,,,,,,,,,,,,,,,,,,
,,,,,,,,,,,,,,,,,,,,,,,,
,,,,,,,,,,,,,,,,,,,,,,,,
,,,,,,,,,,,,,,,,,,,,,,,,
,,,,,,,,,,,,,,,,,,,,,,,,
,,,,,,,,,,,,,,,,,,,,,,,,
,,,,,,,,,,,,,,,,,,,,,,,,
,,,,,,,,,,,,,,,,,,,,,,,,
,,,,,,,,,,,,,,,,,,,,,,,,
,,,,,,,,,,,,,,,,,,,,,,,,
,,,,,,,,,,,,,,,,,,,,,,,,
,,,,,,,,,,,,,,,,,,,,,,,,
,,,,,,,,,,,,,,,,,,,,,,,,
,,,,,,,,,,,,,,,,,,,,,,,,
,,,,,,,,,,,,,,,,,,,,,,,,
,,,,,,,,,,,,,,,,,,,,,,,,
,,,,,,,,,,,,,,,,,,,,,,,,
,,,,,,,,,,,,,,,,,,,,,,,,
,,,,,,,,,,,,,,,,,,,,,,,,
,,,,,,,,,,,,,,,,,,,,,,,,
,,,,,,,,,,,,,,,,,,,,,,,,
,,,,,,,,,,,,,,,,,,,,,,,,
,,,,,,,,,,,,,,,,,,,,,,,,
,,,,,,,,,,,,,,,,,,,,,,,,
,,,,,,,,,,,,,,,,,,,,,,,,
,,,,,,,,,,,,,,,,,,,,,,,,
,,,,,,,,,,,,,,,,,,,,,,,,
,,,,,,,,,,,,,,,,,,,,,,,,
,,,,,,,,,,,,,,,,,,,,,,,,
,,,,,,,,,,,,,,,,,,,,,,,,
,,,,,,,,,,,,,,,,,,,,,,,,
,,,,,,,,,,,,,,,,,,,,,,,,
,,,,,,,,,,,,,,,,,,,,,,,,
,,,,,,,,,,,,,,,,,,,,,,,,
,,,,,,,,,,,,,,,,,,,,,,,,
,,,,,,,,,,,,,,,,,,,,,,,,
,,,,,,,,,,,,,,,,,,,,,,,,
,,,,,,,,,,,,,,,,,,,,,,,,
,,,,,,,,,,,,,,,,,,,,,,,,
,,,,,,,,,,,,,,,,,,,,,,,,
,,,,,,,,,,,,,,,,,,,,,,,,
,,,,,,,,,,,,,,,,,,,,,,,,
,,,,,,,,,,,,,,,,,,,,,,,,
,,,,,,,,,,,,,,,,,,,,,,,,
,,,,,,,,,,,,,,,,,,,,,,,,
,,,,,,,,,,,,,,,,,,,,,,,,
,,,,,,,,,,,,,,,,,,,,,,,,
,,,,,,,,,,,,,,,,,,,,,,,,
,,,,,,,,,,,,,,,,,,,,,,,,
,,,,,,,,,,,,,,,,,,,,,,,,
,,,,,,,,,,,,,,,,,,,,,,,,
,,,,,,,,,,,,,,,,,,,,,,,,
,,,,,,,,,,,,,,,,,,,,,,,,
,,,,,,,,,,,,,,,,,,,,,,,,
,,,,,,,,,,,,,,,,,,,,,,,,
,,,,,,,,,,,,,,,,,,,,,,,,
,,,,,,,,,,,,,,,,,,,,,,,,
,,,,,,,,,,,,,,,,,,,,,,,,
,,,,,,,,,,,,,,,,,,,,,,,,
,,,,,,,,,,,,,,,,,,,,,,,,
,,,,,,,,,,,,,,,,,,,,,,,,
,,,,,,,,,,,,,,,,,,,,,,,,
,,,,,,,,,,,,,,,,,,,,,,,,
,,,,,,,,,,,,,,,,,,,,,,,,
,,,,,,,,,,,,,,,,,,,,,,,,
,,,,,,,,,,,,,,,,,,,,,,,,
,,,,,,,,,,,,,,,,,,,,,,,,
,,,,,,,,,,,,,,,,,,,,,,,,
,,,,,,,,,,,,,,,,,,,,,,,,
,,,,,,,,,,,,,,,,,,,,,,,,
,,,,,,,,,,,,,,,,,,,,,,,,
,,,,,,,,,,,,,,,,,,,,,,,,
,,,,,,,,,,,,,,,,,,,,,,,,
,,,,,,,,,,,,,,,,,,,,,,,,
,,,,,,,,,,,,,,,,,,,,,,,,
,,,,,,,,,,,,,,,,,,,,,,,,
,,,,,,,,,,,,,,,,,,,,,,,,
,,,,,,,,,,,,,,,,,,,,,,,,
,,,,,,,,,,,,,,,,,,,,,,,,
,,,,,,,,,,,,,,,,,,,,,,,,
,,,,,,,,,,,,,,,,,,,,,,,,
,,,,,,,,,,,,,,,,,,,,,,,,
,,,,,,,,,,,,,,,,,,,,,,,,
,,,,,,,,,,,,,,,,,,,,,,,,
,,,,,,,,,,,,,,,,,,,,,,,,
,,,,,,,,,,,,,,,,,,,,,,,,
,,,,,,,,,,,,,,,,,,,,,,,,
,,,,,,,,,,,,,,,,,,,,,,,,
,,,,,,,,,,,,,,,,,,,,,,,,
,,,,,,,,,,,,,,,,,,,,,,,,
,,,,,,,,,,,,,,,,,,,,,,,,
,,,,,,,,,,,,,,,,,,,,,,,,
,,,,,,,,,,,,,,,,,,,,,,,,
,,,,,,,,,,,,,,,,,,,,,,,,
,,,,,,,,,,,,,,,,,,,,,,,,
,,,,,,,,,,,,,,,,,,,,,,,,
,,,,,,,,,,,,,,,,,,,,,,,,
,,,,,,,,,,,,,,,,,,,,,,,,
,,,,,,,,,,,,,,,,,,,,,,,,
,,,,,,,,,,,,,,,,,,,,,,,,
,,,,,,,,,,,,,,,,,,,,,,,,
,,,,,,,,,,,,,,,,,,,,,,,,
,,,,,,,,,,,,,,,,,,,,,,,,
,,,,,,,,,,,,,,,,,,,,,,,,
,,,,,,,,,,,,,,,,,,,,,,,,
,,,,,,,,,,,,,,,,,,,,,,,,
,,,,,,,,,,,,,,,,,,,,,,,,
,,,,,,,,,,,,,,,,,,,,,,,,
,,,,,,,,,,,,,,,,,,,,,,,,
,,,,,,,,,,,,,,,,,,,,,,,,
,,,,,,,,,,,,,,,,,,,,,,,,
,,,,,,,,,,,,,,,,,,,,,,,,
,,,,,,,,,,,,,,,,,,,,,,,,
,,,,,,,,,,,,,,,,,,,,,,,,
,,,,,,,,,,,,,,,,,,,,,,,,
,,,,,,,,,,,,,,,,,,,,,,,,
,,,,,,,,,,,,,,,,,,,,,,,,
,,,,,,,,,,,,,,,,,,,,,,,,
,,,,,,,,,,,,,,,,,,,,,,,,
,,,,,,,,,,,,,,,,,,,,,,,,
,,,,,,,,,,,,,,,,,,,,,,,,
,,,,,,,,,,,,,,,,,,,,,,,,
,,,,,,,,,,,,,,,,,,,,,,,,
,,,,,,,,,,,,,,,,,,,,,,,,
,,,,,,,,,,,,,,,,,,,,,,,,
,,,,,,,,,,,,,,,,,,,,,,,,
,,,,,,,,,,,,,,,,,,,,,,,,
,,,,,,,,,,,,,,,,,,,,,,,,
,,,,,,,,,,,,,,,,,,,,,,,,
,,,,,,,,,,,,,,,,,,,,,,,,
,,,,,,,,,,,,,,,,,,,,,,,,
,,,,,,,,,,,,,,,,,,,,,,,,
,,,,,,,,,,,,,,,,,,,,,,,,
,,,,,,,,,,,,,,,,,,,,,,,,
,,,,,,,,,,,,,,,,,,,,,,,,
,,,,,,,,,,,,,,,,,,,,,,,,
,,,,,,,,,,,,,,,,,,,,,,,,
,,,,,,,,,,,,,,,,,,,,,,,,
,,,,,,,,,,,,,,,,,,,,,,,,
,,,,,,,,,,,,,,,,,,,,,,,,
,,,,,,,,,,,,,,,,,,,,,,,,
,,,,,,,,,,,,,,,,,,,,,,,,
,,,,,,,,,,,,,,,,,,,,,,,,
,,,,,,,,,,,,,,,,,,,,,,,,
,,,,,,,,,,,,,,,,,,,,,,,,
,,,,,,,,,,,,,,,,,,,,,,,,
,,,,,,,,,,,,,,,,,,,,,,,,
,,,,,,,,,,,,,,,,,,,,,,,,
,,,,,,,,,,,,,,,,,,,,,,,,
,,,,,,,,,,,,,,,,,,,,,,,,
,,,,,,,,,,,,,,,,,,,,,,,,
,,,,,,,,,,,,,,,,,,,,,,,,
,,,,,,,,,,,,,,,,,,,,,,,,
,,,,,,,,,,,,,,,,,,,,,,,,
,,,,,,,,,,,,,,,,,,,,,,,,
,,,,,,,,,,,,,,,,,,,,,,,,
,,,,,,,,,,,,,,,,,,,,,,,,
,,,,,,,,,,,,,,,,,,,,,,,,
,,,,,,,,,,,,,,,,,,,,,,,,
,,,,,,,,,,,,,,,,,,,,,,,,
,,,,,,,,,,,,,,,,,,,,,,,,
,,,,,,,,,,,,,,,,,,,,,,,,
,,,,,,,,,,,,,,,,,,,,,,,,
,,,,,,,,,,,,,,,,,,,,,,,,
,,,,,,,,,,,,,,,,,,,,,,,,
,,,,,,,,,,,,,,,,,,,,,,,,
,,,,,,,,,,,,,,,,,,,,,,,,
,,,,,,,,,,,,,,,,,,,,,,,,
,,,,,,,,,,,,,,,,,,,,,,,,
,,,,,,,,,,,,,,,,,,,,,,,,
,,,,,,,,,,,,,,,,,,,,,,,,
,,,,,,,,,,,,,,,,,,,,,,,,
,,,,,,,,,,,,,,,,,,,,,,,,
,,,,,,,,,,,,,,,,,,,,,,,,
,,,,,,,,,,,,,,,,,,,,,,,,
,,,,,,,,,,,,,,,,,,,,,,,,
,,,,,,,,,,,,,,,,,,,,,,,,
,,,,,,,,,,,,,,,,,,,,,,,,
,,,,,,,,,,,,,,,,,,,,,,,,
,,,,,,,,,,,,,,,,,,,,,,,,
,,,,,,,,,,,,,,,,,,,,,,,,
,,,,,,,,,,,,,,,,,,,,,,,,
,,,,,,,,,,,,,,,,,,,,,,,,
,,,,,,,,,,,,,,,,,,,,,,,,
,,,,,,,,,,,,,,,,,,,,,,,,
,,,,,,,,,,,,,,,,,,,,,,,,
,,,,,,,,,,,,,,,,,,,,,,,,
,,,,,,,,,,,,,,,,,,,,,,,,
,,,,,,,,,,,,,,,,,,,,,,,,
,,,,,,,,,,,,,,,,,,,,,,,,
,,,,,,,,,,,,,,,,,,,,,,,,
,,,,,,,,,,,,,,,,,,,,,,,,
,,,,,,,,,,,,,,,,,,,,,,,,
,,,,,,,,,,,,,,,,,,,,,,,,
,,,,,,,,,,,,,,,,,,,,,,,,
,,,,,,,,,,,,,,,,,,,,,,,,
,,,,,,,,,,,,,,,,,,,,,,,,
,,,,,,,,,,,,,,,,,,,,,,,,
,,,,,,,,,,,,,,,,,,,,,,,,
,,,,,,,,,,,,,,,,,,,,,,,,
,,,,,,,,,,,,,,,,,,,,,,,,
,,,,,,,,,,,,,,,,,,,,,,,,
,,,,,,,,,,,,,,,,,,,,,,,,
,,,,,,,,,,,,,,,,,,,,,,,,
,,,,,,,,,,,,,,,,,,,,,,,,
,,,,,,,,,,,,,,,,,,,,,,,,
,,,,,,,,,,,,,,,,,,,,,,,,
,,,,,,,,,,,,,,,,,,,,,,,,
,,,,,,,,,,,,,,,,,,,,,,,,
,,,,,,,,,,,,,,,,,,,,,,,,
,,,,,,,,,,,,,,,,,,,,,,,,
,,,,,,,,,,,,,,,,,,,,,,,,
,,,,,,,,,,,,,,,,,,,,,,,,
,,,,,,,,,,,,,,,,,,,,,,,,
,,,,,,,,,,,,,,,,,,,,,,,,
,,,,,,,,,,,,,,,,,,,,,,,,
,,,,,,,,,,,,,,,,,,,,,,,,
,,,,,,,,,,,,,,,,,,,,,,,,
,,,,,,,,,,,,,,,,,,,,,,,,
,,,,,,,,,,,,,,,,,,,,,,,,
,,,,,,,,,,,,,,,,,,,,,,,,
,,,,,,,,,,,,,,,,,,,,,,,,
,,,,,,,,,,,,,,,,,,,,,,,,
,,,,,,,,,,,,,,,,,,,,,,,,
,,,,,,,,,,,,,,,,,,,,,,,,
,,,,,,,,,,,,,,,,,,,,,,,,
,,,,,,,,,,,,,,,,,,,,,,,,
,,,,,,,,,,,,,,,,,,,,,,,,
,,,,,,,,,,,,,,,,,,,,,,,,
,,,,,,,,,,,,,,,,,,,,,,,,
,,,,,,,,,,,,,,,,,,,,,,,,
,,,,,,,,,,,,,,,,,,,,,,,,
,,,,,,,,,,,,,,,,,,,,,,,,
,,,,,,,,,,,,,,,,,,,,,,,,
,,,,,,,,,,,,,,,,,,,,,,,,
,,,,,,,,,,,,,,,,,,,,,,,,
,,,,,,,,,,,,,,,,,,,,,,,,
,,,,,,,,,,,,,,,,,,,,,,,,
,,,,,,,,,,,,,,,,,,,,,,,,
,,,,,,,,,,,,,,,,,,,,,,,,
,,,,,,,,,,,,,,,,,,,,,,,,
,,,,,,,,,,,,,,,,,,,,,,,,
,,,,,,,,,,,,,,,,,,,,,,,,
,,,,,,,,,,,,,,,,,,,,,,,,
,,,,,,,,,,,,,,,,,,,,,,,,
,,,,,,,,,,,,,,,,,,,,,,,,
,,,,,,,,,,,,,,,,,,,,,,,,
,,,,,,,,,,,,,,,,,,,,,,,,
,,,,,,,,,,,,,,,,,,,,,,,,
,,,,,,,,,,,,,,,,,,,,,,,,
,,,,,,,,,,,,,,,,,,,,,,,,
,,,,,,,,,,,,,,,,,,,,,,,,
,,,,,,,,,,,,,,,,,,,,,,,,
,,,,,,,,,,,,,,,,,,,,,,,,
,,,,,,,,,,,,,,,,,,,,,,,,
,,,,,,,,,,,,,,,,,,,,,,,,
,,,,,,,,,,,,,,,,,,,,,,,,
,,,,,,,,,,,,,,,,,,,,,,,,
,,,,,,,,,,,,,,,,,,,,,,,,
,,,,,,,,,,,,,,,,,,,,,,,,
,,,,,,,,,,,,,,,,,,,,,,,,
,,,,,,,,,,,,,,,,,,,,,,,,
,,,,,,,,,,,,,,,,,,,,,,,,
,,,,,,,,,,,,,,,,,,,,,,,,
,,,,,,,,,,,,,,,,,,,,,,,,
,,,,,,,,,,,,,,,,,,,,,,,,
,,,,,,,,,,,,,,,,,,,,,,,,
,,,,,,,,,,,,,,,,,,,,,,,,
,,,,,,,,,,,,,,,,,,,,,,,,
,,,,,,,,,,,,,,,,,,,,,,,,
,,,,,,,,,,,,,,,,,,,,,,,,
,,,,,,,,,,,,,,,,,,,,,,,,
,,,,,,,,,,,,,,,,,,,,,,,,
,,,,,,,,,,,,,,,,,,,,,,,,
,,,,,,,,,,,,,,,,,,,,,,,,
,,,,,,,,,,,,,,,,,,,,,,,,
,,,,,,,,,,,,,,,,,,,,,,,,
,,,,,,,,,,,,,,,,,,,,,,,,
,,,,,,,,,,,,,,,,,,,,,,,,
,,,,,,,,,,,,,,,,,,,,,,,,
,,,,,,,,,,,,,,,,,,,,,,,,
,,,,,,,,,,,,,,,,,,,,,,,,
,,,,,,,,,,,,,,,,,,,,,,,,
,,,,,,,,,,,,,,,,,,,,,,,,
,,,,,,,,,,,,,,,,,,,,,,,,
,,,,,,,,,,,,,,,,,,,,,,,,
,,,,,,,,,,,,,,,,,,,,,,,,
,,,,,,,,,,,,,,,,,,,,,,,,
,,,,,,,,,,,,,,,,,,,,,,,,
,,,,,,,,,,,,,,,,,,,,,,,,
,,,,,,,,,,,,,,,,,,,,,,,,
,,,,,,,,,,,,,,,,,,,,,,,,
,,,,,,,,,,,,,,,,,,,,,,,,
,,,,,,,,,,,,,,,,,,,,,,,,
,,,,,,,,,,,,,,,,,,,,,,,,
,,,,,,,,,,,,,,,,,,,,,,,,
,,,,,,,,,,,,,,,,,,,,,,,,
,,,,,,,,,,,,,,,,,,,,,,,,
,,,,,,,,,,,,,,,,,,,,,,,,
,,,,,,,,,,,,,,,,,,,,,,,,
,,,,,,,,,,,,,,,,,,,,,,,,
,,,,,,,,,,,,,,,,,,,,,,,,
,,,,,,,,,,,,,,,,,,,,,,,,
,,,,,,,,,,,,,,,,,,,,,,,,
,,,,,,,,,,,,,,,,,,,,,,,,
,,,,,,,,,,,,,,,,,,,,,,,,
,,,,,,,,,,,,,,,,,,,,,,,,
,,,,,,,,,,,,,,,,,,,,,,,,
,,,,,,,,,,,,,,,,,,,,,,,,
,,,,,,,,,,,,,,,,,,,,,,,,
,,,,,,,,,,,,,,,,,,,,,,,,
,,,,,,,,,,,,,,,,,,,,,,,,
,,,,,,,,,,,,,,,,,,,,,,,,
,,,,,,,,,,,,,,,,,,,,,,,,
,,,,,,,,,,,,,,,,,,,,,,,,
,,,,,,,,,,,,,,,,,,,,,,,,
,,,,,,,,,,,,,,,,,,,,,,,,
,,,,,,,,,,,,,,,,,,,,,,,,
,,,,,,,,,,,,,,,,,,,,,,,,
,,,,,,,,,,,,,,,,,,,,,,,,
,,,,,,,,,,,,,,,,,,,,,,,,
,,,,,,,,,,,,,,,,,,,,,,,,
,,,,,,,,,,,,,,,,,,,,,,,,
,,,,,,,,,,,,,,,,,,,,,,,,
,,,,,,,,,,,,,,,,,,,,,,,,
,,,,,,,,,,,,,,,,,,,,,,,,
,,,,,,,,,,,,,,,,,,,,,,,,
,,,,,,,,,,,,,,,,,,,,,,,,
,,,,,,,,,,,,,,,,,,,,,,,,
,,,,,,,,,,,,,,,,,,,,,,,,
,,,,,,,,,,,,,,,,,,,,,,,,
,,,,,,,,,,,,,,,,,,,,,,,,
,,,,,,,,,,,,,,,,,,,,,,,,
,,,,,,,,,,,,,,,,,,,,,,,,
,,,,,,,,,,,,,,,,,,,,,,,,
,,,,,,,,,,,,,,,,,,,,,,,,
,,,,,,,,,,,,,,,,,,,,,,,,
,,,,,,,,,,,,,,,,,,,,,,,,
,,,,,,,,,,,,,,,,,,,,,,,,
,,,,,,,,,,,,,,,,,,,,,,,,
,,,,,,,,,,,,,,,,,,,,,,,,
,,,,,,,,,,,,,,,,,,,,,,,,
,,,,,,,,,,,,,,,,,,,,,,,,
,,,,,,,,,,,,,,,,,,,,,,,,
,,,,,,,,,,,,,,,,,,,,,,,,
,,,,,,,,,,,,,,,,,,,,,,,,
,,,,,,,,,,,,,,,,,,,,,,,,
,,,,,,,,,,,,,,,,,,,,,,,,
,,,,,,,,,,,,,,,,,,,,,,,,
,,,,,,,,,,,,,,,,,,,,,,,,
,,,,,,,,,,,,,,,,,,,,,,,,
,,,,,,,,,,,,,,,,,,,,,,,,
,,,,,,,,,,,,,,,,,,,,,,,,
,,,,,,,,,,,,,,,,,,,,,,,,
,,,,,,,,,,,,,,,,,,,,,,,,
,,,,,,,,,,,,,,,,,,,,,,,,
,,,,,,,,,,,,,,,,,,,,,,,,
,,,,,,,,,,,,,,,,,,,,,,,,
,,,,,,,,,,,,,,,,,,,,,,,,
,,,,,,,,,,,,,,,,,,,,,,,,
,,,,,,,,,,,,,,,,,,,,,,,,
,,,,,,,,,,,,,,,,,,,,,,,,
,,,,,,,,,,,,,,,,,,,,,,,,
,,,,,,,,,,,,,,,,,,,,,,,,
,,,,,,,,,,,,,,,,,,,,,,,,
,,,,,,,,,,,,,,,,,,,,,,,,
,,,,,,,,,,,,,,,,,,,,,,,,
,,,,,,,,,,,,,,,,,,,,,,,,
,,,,,,,,,,,,,,,,,,,,,,,,
,,,,,,,,,,,,,,,,,,,,,,,,
,,,,,,,,,,,,,,,,,,,,,,,,
,,,,,,,,,,,,,,,,,,,,,,,,
,,,,,,,,,,,,,,,,,,,,,,,,
,,,,,,,,,,,,,,,,,,,,,,,,
,,,,,,,,,,,,,,,,,,,,,,,,
,,,,,,,,,,,,,,,,,,,,,,,,
,,,,,,,,,,,,,,,,,,,,,,,,
,,,,,,,,,,,,,,,,,,,,,,,,
,,,,,,,,,,,,,,,,,,,,,,,,
,,,,,,,,,,,,,,,,,,,,,,,,
,,,,,,,,,,,,,,,,,,,,,,,,
,,,,,,,,,,,,,,,,,,,,,,,,
,,,,,,,,,,,,,,,,,,,,,,,,
,,,,,,,,,,,,,,,,,,,,,,,,
,,,,,,,,,,,,,,,,,,,,,,,,
,,,,,,,,,,,,,,,,,,,,,,,,
,,,,,,,,,,,,,,,,,,,,,,,,
,,,,,,,,,,,,,,,,,,,,,,,,
,,,,,,,,,,,,,,,,,,,,,,,,
,,,,,,,,,,,,,,,,,,,,,,,,
,,,,,,,,,,,,,,,,,,,,,,,,
,,,,,,,,,,,,,,,,,,,,,,,,
,,,,,,,,,,,,,,,,,,,,,,,,
,,,,,,,,,,,,,,,,,,,,,,,,
,,,,,,,,,,,,,,,,,,,,,,,,
,,,,,,,,,,,,,,,,,,,,,,,,
,,,,,,,,,,,,,,,,,,,,,,,,
,,,,,,,,,,,,,,,,,,,,,,,,
,,,,,,,,,,,,,,,,,,,,,,,,
,,,,,,,,,,,,,,,,,,,,,,,,
,,,,,,,,,,,,,,,,,,,,,,,,
,,,,,,,,,,,,,,,,,,,,,,,,
,,,,,,,,,,,,,,,,,,,,,,,,
,,,,,,,,,,,,,,,,,,,,,,,,
,,,,,,,,,,,,,,,,,,,,,,,,
,,,,,,,,,,,,,,,,,,,,,,,,
,,,,,,,,,,,,,,,,,,,,,,,,
,,,,,,,,,,,,,,,,,,,,,,,,
,,,,,,,,,,,,,,,,,,,,,,,,
,,,,,,,,,,,,,,,,,,,,,,,,
,,,,,,,,,,,,,,,,,,,,,,,,
,,,,,,,,,,,,,,,,,,,,,,,,
,,,,,,,,,,,,,,,,,,,,,,,,
,,,,,,,,,,,,,,,,,,,,,,,,
,,,,,,,,,,,,,,,,,,,,,,,,
,,,,,,,,,,,,,,,,,,,,,,,,
,,,,,,,,,,,,,,,,,,,,,,,,
,,,,,,,,,,,,,,,,,,,,,,,,
,,,,,,,,,,,,,,,,,,,,,,,,
,,,,,,,,,,,,,,,,,,,,,,,,
,,,,,,,,,,,,,,,,,,,,,,,,
,,,,,,,,,,,,,,,,,,,,,,,,
,,,,,,,,,,,,,,,,,,,,,,,,
,,,,,,,,,,,,,,,,,,,,,,,,
,,,,,,,,,,,,,,,,,,,,,,,,
,,,,,,,,,,,,,,,,,,,,,,,,
,,,,,,,,,,,,,,,,,,,,,,,,
,,,,,,,,,,,,,,,,,,,,,,,,
,,,,,,,,,,,,,,,,,,,,,,,,
,,,,,,,,,,,,,,,,,,,,,,,,
,,,,,,,,,,,,,,,,,,,,,,,,
,,,,,,,,,,,,,,,,,,,,,,,,
,,,,,,,,,,,,,,,,,,,,,,,,
,,,,,,,,,,,,,,,,,,,,,,,,
,,,,,,,,,,,,,,,,,,,,,,,,
,,,,,,,,,,,,,,,,,,,,,,,,
,,,,,,,,,,,,,,,,,,,,,,,,
,,,,,,,,,,,,,,,,,,,,,,,,
,,,,,,,,,,,,,,,,,,,,,,,,
,,,,,,,,,,,,,,,,,,,,,,,,
,,,,,,,,,,,,,,,,,,,,,,,,
,,,,,,,,,,,,,,,,,,,,,,,,
,,,,,,,,,,,,,,,,,,,,,,,,
,,,,,,,,,,,,,,,,,,,,,,,,
,,,,,,,,,,,,,,,,,,,,,,,,
,,,,,,,,,,,,,,,,,,,,,,,,
,,,,,,,,,,,,,,,,,,,,,,,,
,,,,,,,,,,,,,,,,,,,,,,,,
,,,,,,,,,,,,,,,,,,,,,,,,
,,,,,,,,,,,,,,,,,,,,,,,,
,,,,,,,,,,,,,,,,,,,,,,,,
,,,,,,,,,,,,,,,,,,,,,,,,
,,,,,,,,,,,,,,,,,,,,,,,,
,,,,,,,,,,,,,,,,,,,,,,,,
,,,,,,,,,,,,,,,,,,,,,,,,
,,,,,,,,,,,,,,,,,,,,,,,,
,,,,,,,,,,,,,,,,,,,,,,,,
,,,,,,,,,,,,,,,,,,,,,,,,
,,,,,,,,,,,,,,,,,,,,,,,,
,,,,,,,,,,,,,,,,,,,,,,,,
,,,,,,,,,,,,,,,,,,,,,,,,
,,,,,,,,,,,,,,,,,,,,,,,,
,,,,,,,,,,,,,,,,,,,,,,,,
,,,,,,,,,,,,,,,,,,,,,,,,
,,,,,,,,,,,,,,,,,,,,,,,,
,,,,,,,,,,,,,,,,,,,,,,,,
,,,,,,,,,,,,,,,,,,,,,,,,
,,,,,,,,,,,,,,,,,,,,,,,,
,,,,,,,,,,,,,,,,,,,,,,,,
,,,,,,,,,,,,,,,,,,,,,,,,
,,,,,,,,,,,,,,,,,,,,,,,,
,,,,,,,,,,,,,,,,,,,,,,,,
,,,,,,,,,,,,,,,,,,,,,,,,
,,,,,,,,,,,,,,,,,,,,,,,,
,,,,,,,,,,,,,,,,,,,,,,,,
,,,,,,,,,,,,,,,,,,,,,,,,
,,,,,,,,,,,,,,,,,,,,,,,,
,,,,,,,,,,,,,,,,,,,,,,,,
,,,,,,,,,,,,,,,,,,,,,,,,
,,,,,,,,,,,,,,,,,,,,,,,,
,,,,,,,,,,,,,,,,,,,,,,,,
,,,,,,,,,,,,,,,,,,,,,,,,
,,,,,,,,,,,,,,,,,,,,,,,,
,,,,,,,,,,,,,,,,,,,,,,,,
,,,,,,,,,,,,,,,,,,,,,,,,
,,,,,,,,,,,,,,,,,,,,,,,,
,,,,,,,,,,,,,,,,,,,,,,,,
,,,,,,,,,,,,,,,,,,,,,,,,
,,,,,,,,,,,,,,,,,,,,,,,,
,,,,,,,,,,,,,,,,,,,,,,,,
,,,,,,,,,,,,,,,,,,,,,,,,
,,,,,,,,,,,,,,,,,,,,,,,,
,,,,,,,,,,,,,,,,,,,,,,,,
,,,,,,,,,,,,,,,,,,,,,,,,
,,,,,,,,,,,,,,,,,,,,,,,,
,,,,,,,,,,,,,,,,,,,,,,,,
,,,,,,,,,,,,,,,,,,,,,,,,
,,,,,,,,,,,,,,,,,,,,,,,,
,,,,,,,,,,,,,,,,,,,,,,,,
,,,,,,,,,,,,,,,,,,,,,,,,
,,,,,,,,,,,,,,,,,,,,,,,,
,,,,,,,,,,,,,,,,,,,,,,,,
,,,,,,,,,,,,,,,,,,,,,,,,
,,,,,,,,,,,,,,,,,,,,,,,,
,,,,,,,,,,,,,,,,,,,,,,,,
,,,,,,,,,,,,,,,,,,,,,,,,
,,,,,,,,,,,,,,,,,,,,,,,,
,,,,,,,,,,,,,,,,,,,,,,,,
,,,,,,,,,,,,,,,,,,,,,,,,
,,,,,,,,,,,,,,,,,,,,,,,,
,,,,,,,,,,,,,,,,,,,,,,,,
,,,,,,,,,,,,,,,,,,,,,,,,
,,,,,,,,,,,,,,,,,,,,,,,,
,,,,,,,,,,,,,,,,,,,,,,,,
,,,,,,,,,,,,,,,,,,,,,,,,
,,,,,,,,,,,,,,,,,,,,,,,,
,,,,,,,,,,,,,,,,,,,,,,,,
,,,,,,,,,,,,,,,,,,,,,,,,
,,,,,,,,,,,,,,,,,,,,,,,,
,,,,,,,,,,,,,,,,,,,,,,,,
,,,,,,,,,,,,,,,,,,,,,,,,
,,,,,,,,,,,,,,,,,,,,,,,,
,,,,,,,,,,,,,,,,,,,,,,,,
,,,,,,,,,,,,,,,,,,,,,,,,
,,,,,,,,,,,,,,,,,,,,,,,,
,,,,,,,,,,,,,,,,,,,,,,,,
,,,,,,,,,,,,,,,,,,,,,,,,
,,,,,,,,,,,,,,,,,,,,,,,,
,,,,,,,,,,,,,,,,,,,,,,,,
,,,,,,,,,,,,,,,,,,,,,,,,
,,,,,,,,,,,,,,,,,,,,,,,,
,,,,,,,,,,,,,,,,,,,,,,,,
,,,,,,,,,,,,,,,,,,,,,,,,
,,,,,,,,,,,,,,,,,,,,,,,,
,,,,,,,,,,,,,,,,,,,,,,,,
,,,,,,,,,,,,,,,,,,,,,,,,
,,,,,,,,,,,,,,,,,,,,,,,,
,,,,,,,,,,,,,,,,,,,,,,,,
,,,,,,,,,,,,,,,,,,,,,,,,
,,,,,,,,,,,,,,,,,,,,,,,,
,,,,,,,,,,,,,,,,,,,,,,,,
,,,,,,,,,,,,,,,,,,,,,,,,
,,,,,,,,,,,,,,,,,,,,,,,,
,,,,,,,,,,,,,,,,,,,,,,,,
,,,,,,,,,,,,,,,,,,,,,,,,
,,,,,,,,,,,,,,,,,,,,,,,,
,,,,,,,,,,,,,,,,,,,,,,,,
,,,,,,,,,,,,,,,,,,,,,,,,
,,,,,,,,,,,,,,,,,,,,,,,,
,,,,,,,,,,,,,,,,,,,,,,,,
,,,,,,,,,,,,,,,,,,,,,,,,
,,,,,,,,,,,,,,,,,,,,,,,,
,,,,,,,,,,,,,,,,,,,,,,,,
,,,,,,,,,,,,,,,,,,,,,,,,
,,,,,,,,,,,,,,,,,,,,,,,,
,,,,,,,,,,,,,,,,,,,,,,,,
,,,,,,,,,,,,,,,,,,,,,,,,
,,,,,,,,,,,,,,,,,,,,,,,,
,,,,,,,,,,,,,,,,,,,,,,,,
,,,,,,,,,,,,,,,,,,,,,,,,
,,,,,,,,,,,,,,,,,,,,,,,,
,,,,,,,,,,,,,,,,,,,,,,,,
,,,,,,,,,,,,,,,,,,,,,,,,
,,,,,,,,,,,,,,,,,,,,,,,,
,,,,,,,,,,,,,,,,,,,,,,,,
,,,,,,,,,,,,,,,,,,,,,,,,
,,,,,,,,,,,,,,,,,,,,,,,,
,,,,,,,,,,,,,,,,,,,,,,,,
,,,,,,,,,,,,,,,,,,,,,,,,
,,,,,,,,,,,,,,,,,,,,,,,,
,,,,,,,,,,,,,,,,,,,,,,,,
,,,,,,,,,,,,,,,,,,,,,,,,
,,,,,,,,,,,,,,,,,,,,,,,,
,,,,,,,,,,,,,,,,,,,,,,,,
,,,,,,,,,,,,,,,,,,,,,,,,
,,,,,,,,,,,,,,,,,,,,,,,,
,,,,,,,,,,,,,,,,,,,,,,,,
,,,,,,,,,,,,,,,,,,,,,,,,
,,,,,,,,,,,,,,,,,,,,,,,,
,,,,,,,,,,,,,,,,,,,,,,,,
,,,,,,,,,,,,,,,,,,,,,,,,
,,,,,,,,,,,,,,,,,,,,,,,,
,,,,,,,,,,,,,,,,,,,,,,,,
,,,,,,,,,,,,,,,,,,,,,,,,
,,,,,,,,,,,,,,,,,,,,,,,,
,,,,,,,,,,,,,,,,,,,,,,,,
