cell_type,annotation_name,term_order,unique_identifier,color,alias,parent_term
NEC..,class,1,CS20260131_CLAS_001,#6BAED6,NEC,""
CR Glut..,class,2,CS20260131_CLAS_002,#919900,CR Glut,""
RG..,class,3,CS20260131_CLAS_003,#FDAE6B,RG,""
IP..,class,4,CS20260131_CLAS_004,#CEDB9C,IP,""
IMN..,class,5,CS20260131_CLAS_005,#16f2f2,IMN,""
nonIT Glut..,class,6,CS20260131_CLAS_006,#61e2a4,nonIT Glut,""
IT Glut..,class,7,CS20260131_CLAS_007,#FA0087,IT Glut,""
Glioblast..,class,8,CS20260131_CLAS_008,#637939,Glioblast,""
Astro-Epen..,class,9,CS20260131_CLAS_009,#594a26,Astro-Epen,""
OPC-Oligo..,class,10,CS20260131_CLAS_010,#03045E,OPC-Oligo,""
CTX-CGE GABA..,class,11,CS20260131_CLAS_011,#CCFF33,CTX-CGE GABA,""
CTX-MGE GABA..,class,12,CS20260131_CLAS_012,#f954ee,CTX-MGE GABA,""
CNU-MGE GABA..,class,13,CS20260131_CLAS_013,#450099,CNU-MGE GABA,""
Vascular..,class,14,CS20260131_CLAS_014,#858881,Vascular,""
Immune..,class,15,CS20260131_CLAS_015,#825f45,Immune,""
NEC,cluster,1,CS20260131_CLUS_001,#9e9ac8,NEC,NEC
IMN CR,cluster,2,CS20260131_CLUS_002,#0e33c8,IMN CR,IMN CR
CR Glut,cluster,3,CS20260131_CLUS_003,#FF7391,CR Glut,CR Glut
RG,cluster,4,CS20260131_CLUS_004,#dadaeb,RG,RG
IP nonIT,cluster,5,CS20260131_CLUS_005,#F207c0,IP nonIT,IP nonIT
IP IT,cluster,6,CS20260131_CLUS_006,#2166AC,IP IT,IP IT
IMN nonIT,cluster,7,CS20260131_CLUS_007,#b22222,IMN nonIT,IMN nonIT
IMN IT Deep Layer,cluster,8,CS20260131_CLUS_008,#f27a02,IMN IT Deep Layer,IMN IT
IMN IT Upper Layer,cluster,9,CS20260131_CLUS_009,#31a354,IMN IT Upper Layer,IMN IT
421_L6b/CT ENT Glut_4,cluster,10,CS20260131_CLUS_010,#31a354,421_L6b/CT ENT Glut_4,L6b/CT ENT Glut
427_L6b CTX Glut_2,cluster,11,CS20260131_CLUS_011,#74c476,427_L6b CTX Glut_2,L6b CTX Glut
428_L6b CTX Glut_2,cluster,12,CS20260131_CLUS_012,#a1d99b,428_L6b CTX Glut_2,L6b CTX Glut
437_L6 CT CTX Glut_1,cluster,13,CS20260131_CLUS_013,#c7e9c0,437_L6 CT CTX Glut_1,L6 CT CTX Glut
439_L6 CT CTX Glut_1,cluster,14,CS20260131_CLUS_014,#756bb1,439_L6 CT CTX Glut_1,L6 CT CTX Glut
440_L6 CT CTX Glut_1,cluster,15,CS20260131_CLUS_015,#9e9ac8,440_L6 CT CTX Glut_1,L6 CT CTX Glut
466_L5 NP CTX Glut_2,cluster,16,CS20260131_CLUS_016,#bcbddc,466_L5 NP CTX Glut_2,L5 NP CTX Glut
468_L5 NP CTX Glut_3,cluster,17,CS20260131_CLUS_017,#dadaeb,468_L5 NP CTX Glut_3,L5 NP CTX Glut
365_L5 ET CTX Glut_3,cluster,18,CS20260131_CLUS_018,#3182bd,365_L5 ET CTX Glut_3,L5 ET CTX Glut
366_L5 ET CTX Glut_3,cluster,19,CS20260131_CLUS_019,#6baed6,366_L5 ET CTX Glut_3,L5 ET CTX Glut
367_L5 ET CTX Glut_3,cluster,20,CS20260131_CLUS_020,#9ecae1,367_L5 ET CTX Glut_3,L5 ET CTX Glut
368_L5 ET CTX Glut_3,cluster,21,CS20260131_CLUS_021,#c6dbef,368_L5 ET CTX Glut_3,L5 ET CTX Glut
369_L5 ET CTX Glut_3,cluster,22,CS20260131_CLUS_022,#e6550d,369_L5 ET CTX Glut_3,L5 ET CTX Glut
371_L5 ET CTX Glut_4,cluster,23,CS20260131_CLUS_023,#fd8d3c,371_L5 ET CTX Glut_4,L5 ET CTX Glut
372_L5 ET CTX Glut_4,cluster,24,CS20260131_CLUS_024,#fdae6b,372_L5 ET CTX Glut_4,L5 ET CTX Glut
373_L5 ET CTX Glut_4,cluster,25,CS20260131_CLUS_025,#fdd0a2,373_L5 ET CTX Glut_4,L5 ET CTX Glut
4_CLA-EPd-CTX Car3 Glut_1,cluster,26,CS20260131_CLUS_026,#393b79,4_CLA-EPd-CTX Car3 Glut_1,CLA-EPd-CTX Car3 Glut
37_L6 IT CTX Glut_1,cluster,27,CS20260131_CLUS_027,#5254a3,37_L6 IT CTX Glut_1,L6 IT CTX Glut
41_L6 IT CTX Glut_2,cluster,28,CS20260131_CLUS_028,#6b6ecf,41_L6 IT CTX Glut_2,L6 IT CTX Glut
50_L6 IT CTX Glut_4,cluster,29,CS20260131_CLUS_029,#9c9ede,50_L6 IT CTX Glut_4,L6 IT CTX Glut
51_L6 IT CTX Glut_4,cluster,30,CS20260131_CLUS_030,#637939,51_L6 IT CTX Glut_4,L6 IT CTX Glut
52_L6 IT CTX Glut_4,cluster,31,CS20260131_CLUS_031,#8ca252,52_L6 IT CTX Glut_4,L6 IT CTX Glut
56_L5 IT CTX Glut_1,cluster,32,CS20260131_CLUS_032,#b5cf6b,56_L5 IT CTX Glut_1,L5 IT CTX Glut
62_L5 IT CTX Glut_3,cluster,33,CS20260131_CLUS_033,#cedb9c,62_L5 IT CTX Glut_3,L5 IT CTX Glut
63_L5 IT CTX Glut_4,cluster,34,CS20260131_CLUS_034,#8c6d31,63_L5 IT CTX Glut_4,L5 IT CTX Glut
64_L5 IT CTX Glut_4,cluster,35,CS20260131_CLUS_035,#bd9e39,64_L5 IT CTX Glut_4,L5 IT CTX Glut
68_L4/5 IT CTX Glut_1,cluster,36,CS20260131_CLUS_036,#e7ba52,68_L4/5 IT CTX Glut_1,L4/5 IT CTX Glut
73_L4/5 IT CTX Glut_1,cluster,37,CS20260131_CLUS_037,#e7cb94,73_L4/5 IT CTX Glut_1,L4/5 IT CTX Glut
82_L4/5 IT CTX Glut_2,cluster,38,CS20260131_CLUS_038,#843c39,82_L4/5 IT CTX Glut_2,L4/5 IT CTX Glut
100_L4/5 IT CTX Glut_6,cluster,39,CS20260131_CLUS_039,#ad494a,100_L4/5 IT CTX Glut_6,L4/5 IT CTX Glut
101_L4/5 IT CTX Glut_6,cluster,40,CS20260131_CLUS_040,#d6616b,101_L4/5 IT CTX Glut_6,L4/5 IT CTX Glut
109_L2/3 IT CTX Glut_2,cluster,41,CS20260131_CLUS_041,#e7969c,109_L2/3 IT CTX Glut_2,L2/3 IT CTX Glut
110_L2/3 IT CTX Glut_2,cluster,42,CS20260131_CLUS_042,#7b4173,110_L2/3 IT CTX Glut_2,L2/3 IT CTX Glut
111_L2/3 IT CTX Glut_2,cluster,43,CS20260131_CLUS_043,#a55194,111_L2/3 IT CTX Glut_2,L2/3 IT CTX Glut
116_L2/3 IT CTX Glut_3,cluster,44,CS20260131_CLUS_044,#ce6dbd,116_L2/3 IT CTX Glut_3,L2/3 IT CTX Glut
118_L2/3 IT CTX Glut_4,cluster,45,CS20260131_CLUS_045,#de9ed6,118_L2/3 IT CTX Glut_4,L2/3 IT CTX Glut
Glioblast,cluster,46,CS20260131_CLUS_046,#27a725,Glioblast,Glioblast
Glioblast SVZ,cluster,47,CS20260131_CLUS_047,#843c39,Glioblast SVZ,Glioblast
Glioblast Astro,cluster,48,CS20260131_CLUS_048,#ed0707,Glioblast Astro,Glioblast
Glioblast OPC,cluster,49,CS20260131_CLUS_049,#fdae6b,Glioblast OPC,Glioblast
5218_Astro-TE NN_1,cluster,50,CS20260131_CLUS_050,#e6550d,5218_Astro-TE NN_1,Astro-TE NN
5219_Astro-TE NN_1,cluster,51,CS20260131_CLUS_051,#fd8d3c,5219_Astro-TE NN_1,Astro-TE NN
5220_Astro-TE NN_1,cluster,52,CS20260131_CLUS_052,#fdae6b,5220_Astro-TE NN_1,Astro-TE NN
5225_Astro-TE NN_3,cluster,53,CS20260131_CLUS_053,#fdd0a2,5225_Astro-TE NN_3,Astro-TE NN
5228_Astro-TE NN_4,cluster,54,CS20260131_CLUS_054,#31a354,5228_Astro-TE NN_4,Astro-TE NN
5266_OPC NN_1,cluster,55,CS20260131_CLUS_055,#74c476,5266_OPC NN_1,OPC NN
5268_OPC NN_1,cluster,56,CS20260131_CLUS_056,#a1d99b,5268_OPC NN_1,OPC NN
5269_OPC NN_1,cluster,57,CS20260131_CLUS_057,#c7e9c0,5269_OPC NN_1,OPC NN
5271_OPC NN_2,cluster,58,CS20260131_CLUS_058,#756bb1,5271_OPC NN_2,OPC NN
5272_COP NN_1,cluster,59,CS20260131_CLUS_059,#9e9ac8,5272_COP NN_1,Oligo NN
5273_COP NN_1,cluster,60,CS20260131_CLUS_060,#bcbddc,5273_COP NN_1,Oligo NN
5275_COP NN_1,cluster,61,CS20260131_CLUS_061,#dadaeb,5275_COP NN_1,Oligo NN
5279_NFOL NN_2,cluster,62,CS20260131_CLUS_062,#636363,5279_NFOL NN_2,Oligo NN
5280_NFOL NN_2,cluster,63,CS20260131_CLUS_063,#969696,5280_NFOL NN_2,Oligo NN
5281_NFOL NN_2,cluster,64,CS20260131_CLUS_064,#bdbdbd,5281_NFOL NN_2,Oligo NN
5283_MFOL NN_3,cluster,65,CS20260131_CLUS_065,#d9d9d9,5283_MFOL NN_3,Oligo NN
5284_MOL NN_4,cluster,66,CS20260131_CLUS_066,#393b79,5284_MOL NN_4,Oligo NN
5285_MOL NN_4,cluster,67,CS20260131_CLUS_067,#5254a3,5285_MOL NN_4,Oligo NN
5286_MOL NN_4,cluster,68,CS20260131_CLUS_068,#6b6ecf,5286_MOL NN_4,Oligo NN
5288_MOL NN_4,cluster,69,CS20260131_CLUS_069,#9c9ede,5288_MOL NN_4,Oligo NN
CGE GABA,cluster,70,CS20260131_CLUS_070,#6baed6,CGE GABA,CGE GABA
623_Vip Gaba_1,cluster,71,CS20260131_CLUS_071,#636363,623_Vip Gaba_1,Vip Gaba
624_Vip Gaba_1,cluster,72,CS20260131_CLUS_072,#969696,624_Vip Gaba_1,Vip Gaba
627_Vip Gaba_2,cluster,73,CS20260131_CLUS_073,#bdbdbd,627_Vip Gaba_2,Vip Gaba
629_Vip Gaba_2,cluster,74,CS20260131_CLUS_074,#d9d9d9,629_Vip Gaba_2,Vip Gaba
633_Vip Gaba_3,cluster,75,CS20260131_CLUS_075,#5254a3,633_Vip Gaba_3,Vip Gaba
638_Vip Gaba_4,cluster,76,CS20260131_CLUS_076,#6b6ecf,638_Vip Gaba_4,Vip Gaba
639_Vip Gaba_4,cluster,77,CS20260131_CLUS_077,#9c9ede,639_Vip Gaba_4,Vip Gaba
640_Vip Gaba_5,cluster,78,CS20260131_CLUS_078,#637939,640_Vip Gaba_5,Vip Gaba
641_Vip Gaba_5,cluster,79,CS20260131_CLUS_079,#8ca252,641_Vip Gaba_5,Vip Gaba
643_Vip Gaba_5,cluster,80,CS20260131_CLUS_080,#b5cf6b,643_Vip Gaba_5,Vip Gaba
645_Vip Gaba_6,cluster,81,CS20260131_CLUS_081,#cedb9c,645_Vip Gaba_6,Vip Gaba
646_Vip Gaba_6,cluster,82,CS20260131_CLUS_082,#8c6d31,646_Vip Gaba_6,Vip Gaba
648_Vip Gaba_6,cluster,83,CS20260131_CLUS_083,#bd9e39,648_Vip Gaba_6,Vip Gaba
660_Vip Gaba_11,cluster,84,CS20260131_CLUS_084,#e7ba52,660_Vip Gaba_11,Vip Gaba
661_Vip Gaba_11,cluster,85,CS20260131_CLUS_085,#e7cb94,661_Vip Gaba_11,Vip Gaba
662_Vip Gaba_12,cluster,86,CS20260131_CLUS_086,#843c39,662_Vip Gaba_12,Vip Gaba
663_Vip Gaba_12,cluster,87,CS20260131_CLUS_087,#ad494a,663_Vip Gaba_12,Vip Gaba
673_Sncg Gaba_3,cluster,88,CS20260131_CLUS_088,#d6616b,673_Sncg Gaba_3,Sncg Gaba
676_Sncg Gaba_3,cluster,89,CS20260131_CLUS_089,#e7969c,676_Sncg Gaba_3,Sncg Gaba
682_Sncg Gaba_6,cluster,90,CS20260131_CLUS_090,#7b4173,682_Sncg Gaba_6,Sncg Gaba
706_Lamp5 Gaba_1,cluster,91,CS20260131_CLUS_091,#a55194,706_Lamp5 Gaba_1,Lamp5 Gaba
708_Lamp5 Gaba_1,cluster,92,CS20260131_CLUS_092,#de9ed6,708_Lamp5 Gaba_1,Lamp5 Gaba
709_Lamp5 Gaba_1,cluster,93,CS20260131_CLUS_093,#3182bd,709_Lamp5 Gaba_1,Lamp5 Gaba
716_Lamp5 Gaba_2,cluster,94,CS20260131_CLUS_094,#6baed6,716_Lamp5 Gaba_2,Lamp5 Gaba
717_Lamp5 Gaba_2,cluster,95,CS20260131_CLUS_095,#9ecae1,717_Lamp5 Gaba_2,Lamp5 Gaba
718_Lamp5 Gaba_2,cluster,96,CS20260131_CLUS_096,#c6dbef,718_Lamp5 Gaba_2,Lamp5 Gaba
719_Lamp5 Gaba_3,cluster,97,CS20260131_CLUS_097,#e6550d,719_Lamp5 Gaba_3,Lamp5 Gaba
720_Lamp5 Gaba_3,cluster,98,CS20260131_CLUS_098,#fd8d3c,720_Lamp5 Gaba_3,Lamp5 Gaba
722_Lamp5 Gaba_4,cluster,99,CS20260131_CLUS_099,#fdae6b,722_Lamp5 Gaba_4,Lamp5 Gaba
MGE GABA RG,cluster,100,CS20260131_CLUS_100,#e7969c,MGE GABA RG,MGE GABA RG
MGE GABA,cluster,101,CS20260131_CLUS_101,#B2182B,MGE GABA,MGE GABA
724_Lamp5 Lhx6 Gaba_1,cluster,102,CS20260131_CLUS_102,#fdd0a2,724_Lamp5 Lhx6 Gaba_1,Lamp5 Lhx6 Gaba
733_Pvalb chandelier Gaba_1,cluster,103,CS20260131_CLUS_103,#31a354,733_Pvalb chandelier Gaba_1,Pvalb chandelier Gaba
735_Pvalb Gaba_1,cluster,104,CS20260131_CLUS_104,#74c476,735_Pvalb Gaba_1,Pvalb Gaba
736_Pvalb Gaba_1,cluster,105,CS20260131_CLUS_105,#a1d99b,736_Pvalb Gaba_1,Pvalb Gaba
741_Pvalb Gaba_3,cluster,106,CS20260131_CLUS_106,#c7e9c0,741_Pvalb Gaba_3,Pvalb Gaba
742_Pvalb Gaba_3,cluster,107,CS20260131_CLUS_107,#756bb1,742_Pvalb Gaba_3,Pvalb Gaba
743_Pvalb Gaba_4,cluster,108,CS20260131_CLUS_108,#9e9ac8,743_Pvalb Gaba_4,Pvalb Gaba
744_Pvalb Gaba_4,cluster,109,CS20260131_CLUS_109,#bcbddc,744_Pvalb Gaba_4,Pvalb Gaba
747_Pvalb Gaba_4,cluster,110,CS20260131_CLUS_110,#dadaeb,747_Pvalb Gaba_4,Pvalb Gaba
752_Pvalb Gaba_6,cluster,111,CS20260131_CLUS_111,#636363,752_Pvalb Gaba_6,Pvalb Gaba
754_Pvalb Gaba_8,cluster,112,CS20260131_CLUS_112,#969696,754_Pvalb Gaba_8,Pvalb Gaba
757_Sst Gaba_1,cluster,113,CS20260131_CLUS_113,#bdbdbd,757_Sst Gaba_1,Sst Gaba
758_Sst Gaba_1,cluster,114,CS20260131_CLUS_114,#d9d9d9,758_Sst Gaba_1,Sst Gaba
761_Sst Gaba_1,cluster,115,CS20260131_CLUS_115,#5254a3,761_Sst Gaba_1,Sst Gaba
777_Sst Gaba_4,cluster,116,CS20260131_CLUS_116,#6b6ecf,777_Sst Gaba_4,Sst Gaba
779_Sst Gaba_4,cluster,117,CS20260131_CLUS_117,#9c9ede,779_Sst Gaba_4,Sst Gaba
780_Sst Gaba_4,cluster,118,CS20260131_CLUS_118,#637939,780_Sst Gaba_4,Sst Gaba
792_Sst Gaba_7,cluster,119,CS20260131_CLUS_119,#8ca252,792_Sst Gaba_7,Sst Gaba
793_Sst Gaba_7,cluster,120,CS20260131_CLUS_120,#b5cf6b,793_Sst Gaba_7,Sst Gaba
795_Sst Gaba_8,cluster,121,CS20260131_CLUS_121,#cedb9c,795_Sst Gaba_8,Sst Gaba
797_Sst Gaba_8,cluster,122,CS20260131_CLUS_122,#8c6d31,797_Sst Gaba_8,Sst Gaba
799_Sst Gaba_9,cluster,123,CS20260131_CLUS_123,#e7cb94,799_Sst Gaba_9,Sst Gaba
800_Sst Gaba_9,cluster,124,CS20260131_CLUS_124,#843c39,800_Sst Gaba_9,Sst Gaba
801_Sst Gaba_9,cluster,125,CS20260131_CLUS_125,#ad494a,801_Sst Gaba_9,Sst Gaba
803_Sst Gaba_10,cluster,126,CS20260131_CLUS_126,#d6616b,803_Sst Gaba_10,Sst Gaba
806_Sst Gaba_11,cluster,127,CS20260131_CLUS_127,#e7969c,806_Sst Gaba_11,Sst Gaba
811_Sst Gaba_13,cluster,128,CS20260131_CLUS_128,#7b4173,811_Sst Gaba_13,Sst Gaba
814_Sst Gaba_14,cluster,129,CS20260131_CLUS_129,#a55194,814_Sst Gaba_14,Sst Gaba
818_Sst Gaba_16,cluster,130,CS20260131_CLUS_130,#ce6dbd,818_Sst Gaba_16,Sst Gaba
819_Sst Gaba_16,cluster,131,CS20260131_CLUS_131,#de9ed6,819_Sst Gaba_16,Sst Gaba
820_Sst Gaba_16,cluster,132,CS20260131_CLUS_132,#3182bd,820_Sst Gaba_16,Sst Gaba
859_Sst Chodl Gaba_4,cluster,133,CS20260131_CLUS_133,#c6dbef,859_Sst Chodl Gaba_4,Sst Chodl Gaba
5293_ABC NN_1,cluster,134,CS20260131_CLUS_134,#8ca252,5293_ABC NN_1,ABC NN
5297_VLMC NN_1,cluster,135,CS20260131_CLUS_135,#b5cf6b,5297_VLMC NN_1,VLMC NN
5298_VLMC NN_1,cluster,136,CS20260131_CLUS_136,#cedb9c,5298_VLMC NN_1,VLMC NN
5301_VLMC NN_2,cluster,137,CS20260131_CLUS_137,#8c6d31,5301_VLMC NN_2,VLMC NN
5302_VLMC NN_3,cluster,138,CS20260131_CLUS_138,#bd9e39,5302_VLMC NN_3,VLMC NN
5304_Peri NN_1,cluster,139,CS20260131_CLUS_139,#e7ba52,5304_Peri NN_1,Peri NN
5305_Peri NN_1,cluster,140,CS20260131_CLUS_140,#e7cb94,5305_Peri NN_1,Peri NN
5306_SMC NN_1,cluster,141,CS20260131_CLUS_141,#843c39,5306_SMC NN_1,SMC NN
5307_SMC NN_1,cluster,142,CS20260131_CLUS_142,#ad494a,5307_SMC NN_1,SMC NN
5309_Endo NN_1,cluster,143,CS20260131_CLUS_143,#d6616b,5309_Endo NN_1,Endo NN
5310_Endo NN_1,cluster,144,CS20260131_CLUS_144,#e7969c,5310_Endo NN_1,Endo NN
5311_Endo NN_1,cluster,145,CS20260131_CLUS_145,#7b4173,5311_Endo NN_1,Endo NN
5312_Microglia NN_1,cluster,146,CS20260131_CLUS_146,#a55194,5312_Microglia NN_1,Microglia NN
5313_BAM NN_1,cluster,147,CS20260131_CLUS_147,#ce6dbd,5313_BAM NN_1,BAM NN
5314_BAM NN_1,cluster,148,CS20260131_CLUS_148,#de9ed6,5314_BAM NN_1,BAM NN
Female,donor_sex,1,"",#565353,donor,""
Male,donor_sex,2,"",#ADC4C3,donor,""
WholeBrain,region_of_interest_label,1,MBA:997,#bebebe,library,""
CH,region_of_interest_label,2,MBA:567,#B0F0FF,library,WholeBrain
CH-BS,region_of_interest_label,3,MBA:343|MBA:567,#B0F0FF,library,WholeBrain
VIS,region_of_interest_label,4,MBA:669,#0059CC,library,WholeBrain
VIS-PTLp,region_of_interest_label,5,MBA:22|MBA:669,#26AEFF,library,WholeBrain
VISp,region_of_interest_label,6,MBA:385,#08858C,library,VIS
PTLp,region_of_interest_label,7,MBA:22,#009FAC,library,WholeBrain
BS,region_of_interest_label,8,MBA:343,#FF7080,library,WholeBrain
Mouse,species_genus,1,NCBITaxon:10088,#c941a7,donor,""
Mus musculus,species_scientific_name,1,NCBITaxon:10090,#ffa300,donor,""
NEC.,subclass,1,CS20260131_SCLA_001,#50B4F0,NEC,NEC
IMN CR.,subclass,2,CS20260131_SCLA_002,#CC2400,IMN CR,CR Glut
CR Glut.,subclass,3,CS20260131_SCLA_003,#C973FF,CR Glut,CR Glut
RG.,subclass,4,CS20260131_SCLA_004,#fdae6b,RG,RG
IP nonIT.,subclass,5,CS20260131_SCLA_005,#9ECAE1,IP nonIT,IP
IP IT.,subclass,6,CS20260131_SCLA_006,#1B9E77,IP IT,IP
IMN nonIT.,subclass,7,CS20260131_SCLA_007,#66A61E,IMN nonIT,IMN
IMN IT.,subclass,8,CS20260131_SCLA_008,#CC7ABD,IMN IT,IMN
L6b/CT ENT Glut.,subclass,9,CS20260131_SCLA_009,#CC0098,L6b/CT ENT Glut,nonIT Glut
L6b CTX Glut.,subclass,10,CS20260131_SCLA_010,#9EFF99,L6b CTX Glut,nonIT Glut
L6 CT CTX Glut.,subclass,11,CS20260131_SCLA_011,#34661F,L6 CT CTX Glut,nonIT Glut
L5 NP CTX Glut.,subclass,12,CS20260131_SCLA_012,#5857ef,L5 NP CTX Glut,nonIT Glut
L5 ET CTX Glut.,subclass,13,CS20260131_SCLA_013,#99A2FF,L5 ET CTX Glut,nonIT Glut
CLA-EPd-CTX Car3 Glut.,subclass,14,CS20260131_SCLA_014,#64c2fc,CLA-EPd-CTX Car3 Glut,IT Glut
L6 IT CTX Glut.,subclass,15,CS20260131_SCLA_015,#C0FF4D,L6 IT CTX Glut,IT Glut
L5 IT CTX Glut.,subclass,16,CS20260131_SCLA_016,#660F38,L5 IT CTX Glut,IT Glut
L4/5 IT CTX Glut.,subclass,17,CS20260131_SCLA_017,#3DCCB7,L4/5 IT CTX Glut,IT Glut
L2/3 IT CTX Glut.,subclass,18,CS20260131_SCLA_018,#E9530F,L2/3 IT CTX Glut,IT Glut
Glioblast.,subclass,19,CS20260131_SCLA_019,#637939,Glioblast,Glioblast
Astro-TE NN.,subclass,20,CS20260131_SCLA_020,#279580,Astro-TE NN,Astro-Epen
OPC NN.,subclass,21,CS20260131_SCLA_021,#FF26CB,OPC NN,OPC-Oligo
Oligo NN.,subclass,22,CS20260131_SCLA_022,#99FFBC,Oligo NN,OPC-Oligo
CGE GABA.,subclass,23,CS20260131_SCLA_023,#5254A3,CGE GABA,CTX-CGE GABA
Vip Gaba.,subclass,24,CS20260131_SCLA_024,#663D47,Vip Gaba,CTX-CGE GABA
Sncg Gaba.,subclass,25,CS20260131_SCLA_025,#FFE999,Sncg Gaba,CTX-CGE GABA
Lamp5 Gaba.,subclass,26,CS20260131_SCLA_026,#FF764D,Lamp5 Gaba,CTX-CGE GABA
MGE GABA RG.,subclass,27,CS20260131_SCLA_027,#9C9EDE,MGE GABA RG,CTX-MGE GABA
MGE GABA.,subclass,28,CS20260131_SCLA_028,#DE9ED6,MGE GABA,CTX-MGE GABA
Lamp5 Lhx6 Gaba.,subclass,29,CS20260131_SCLA_029,#26FF3E,Lamp5 Lhx6 Gaba,CTX-MGE GABA
Pvalb chandelier Gaba.,subclass,30,CS20260131_SCLA_030,#2F992E,Pvalb chandelier Gaba,CTX-MGE GABA
Pvalb Gaba.,subclass,31,CS20260131_SCLA_031,#b13667,Pvalb Gaba,CTX-MGE GABA
Sst Gaba.,subclass,32,CS20260131_SCLA_032,#99F2FF,Sst Gaba,CTX-MGE GABA
Sst Chodl Gaba.,subclass,33,CS20260131_SCLA_033,#EDA32D,Sst Chodl Gaba,CNU-MGE GABA
ABC NN.,subclass,34,CS20260131_SCLA_034,#CC5CC1,ABC NN,Vascular
VLMC NN.,subclass,35,CS20260131_SCLA_035,#653D66,VLMC NN,Vascular
Peri NN.,subclass,36,CS20260131_SCLA_036,#82992E,Peri NN,Vascular
SMC NN.,subclass,37,CS20260131_SCLA_037,#FF9F73,SMC NN,Vascular
Endo NN.,subclass,38,CS20260131_SCLA_038,#994567,Endo NN,Vascular
Microglia NN.,subclass,39,CS20260131_SCLA_039,#CC1F4E,Microglia NN,Immune
BAM NN.,subclass,40,CS20260131_SCLA_040,#66493D,BAM NN,Immune
NEC_1,subcluster,1,CS20260131_SCLU_001,#6baed6,NEC_1,NEC
NEC_2,subcluster,2,CS20260131_SCLU_002,#9ecae1,NEC_2,NEC
NEC_3,subcluster,3,CS20260131_SCLU_003,#c6dbef,NEC_3,NEC
NEC_4,subcluster,4,CS20260131_SCLU_004,#e6550d,NEC_4,NEC
NEC_5,subcluster,5,CS20260131_SCLU_005,#fd8d3c,NEC_5,NEC
NEC_6,subcluster,6,CS20260131_SCLU_006,#fdae6b,NEC_6,NEC
NEC_7,subcluster,7,CS20260131_SCLU_007,#fdd0a2,NEC_7,NEC
NEC_8,subcluster,8,CS20260131_SCLU_008,#31a354,NEC_8,NEC
NEC_9,subcluster,9,CS20260131_SCLU_009,#74c476,NEC_9,NEC
NEC_10,subcluster,10,CS20260131_SCLU_010,#a1d99b,NEC_10,NEC
NEC_11,subcluster,11,CS20260131_SCLU_011,#c7e9c0,NEC_11,NEC
NEC_12,subcluster,12,CS20260131_SCLU_012,#756bb1,NEC_12,NEC
NEC_13,subcluster,13,CS20260131_SCLU_013,#9e9ac8,NEC_13,NEC
NEC_14,subcluster,14,CS20260131_SCLU_014,#bcbddc,NEC_14,NEC
NEC_15,subcluster,15,CS20260131_SCLU_015,#dadaeb,NEC_15,NEC
NEC_16,subcluster,16,CS20260131_SCLU_016,#636363,NEC_16,NEC
NEC_17,subcluster,17,CS20260131_SCLU_017,#969696,NEC_17,NEC
NEC_18,subcluster,18,CS20260131_SCLU_018,#bdbdbd,NEC_18,NEC
NEC_19,subcluster,19,CS20260131_SCLU_019,#d9d9d9,NEC_19,NEC
NEC_20,subcluster,20,CS20260131_SCLU_020,#393b79,NEC_20,NEC
NEC_21,subcluster,21,CS20260131_SCLU_021,#5254a3,NEC_21,NEC
NEC_22,subcluster,22,CS20260131_SCLU_022,#6b6ecf,NEC_22,NEC
NEC_23,subcluster,23,CS20260131_SCLU_023,#9c9ede,NEC_23,NEC
NEC_24,subcluster,24,CS20260131_SCLU_024,#637939,NEC_24,NEC
NEC_25,subcluster,25,CS20260131_SCLU_025,#8ca252,NEC_25,NEC
NEC_26,subcluster,26,CS20260131_SCLU_026,#b5cf6b,NEC_26,NEC
IMN CR_1,subcluster,27,CS20260131_SCLU_027,#74c476,IMN CR_1,IMN CR
IMN CR_2,subcluster,28,CS20260131_SCLU_028,#a1d99b,IMN CR_2,IMN CR
IMN CR_3,subcluster,29,CS20260131_SCLU_029,#c7e9c0,IMN CR_3,IMN CR
IMN CR_4,subcluster,30,CS20260131_SCLU_030,#756bb1,IMN CR_4,IMN CR
IMN CR_5,subcluster,31,CS20260131_SCLU_031,#9e9ac8,IMN CR_5,IMN CR
IMN CR_6,subcluster,32,CS20260131_SCLU_032,#bcbddc,IMN CR_6,IMN CR
IMN CR_7,subcluster,33,CS20260131_SCLU_033,#dadaeb,IMN CR_7,IMN CR
IMN CR_8,subcluster,34,CS20260131_SCLU_034,#636363,IMN CR_8,IMN CR
IMN CR_9,subcluster,35,CS20260131_SCLU_035,#969696,IMN CR_9,IMN CR
IMN CR_10,subcluster,36,CS20260131_SCLU_036,#bdbdbd,IMN CR_10,IMN CR
IMN CR_11,subcluster,37,CS20260131_SCLU_037,#d9d9d9,IMN CR_11,IMN CR
IMN CR_12,subcluster,38,CS20260131_SCLU_038,#393b79,IMN CR_12,IMN CR
IMN CR_13,subcluster,39,CS20260131_SCLU_039,#5254a3,IMN CR_13,IMN CR
IMN CR_14,subcluster,40,CS20260131_SCLU_040,#6b6ecf,IMN CR_14,IMN CR
IMN CR_15,subcluster,41,CS20260131_SCLU_041,#9c9ede,IMN CR_15,IMN CR
CR Glut_1,subcluster,42,CS20260131_SCLU_042,#6b6ecf,CR Glut_1,CR Glut
CR Glut_2,subcluster,43,CS20260131_SCLU_043,#9c9ede,CR Glut_2,CR Glut
CR Glut_3,subcluster,44,CS20260131_SCLU_044,#637939,CR Glut_3,CR Glut
CR Glut_4,subcluster,45,CS20260131_SCLU_045,#8ca252,CR Glut_4,CR Glut
CR Glut_5,subcluster,46,CS20260131_SCLU_046,#b5cf6b,CR Glut_5,CR Glut
RG_1,subcluster,47,CS20260131_SCLU_047,#74c476,RG_1,RG
RG_2,subcluster,48,CS20260131_SCLU_048,#a1d99b,RG_2,RG
RG_3,subcluster,49,CS20260131_SCLU_049,#c7e9c0,RG_3,RG
RG_4,subcluster,50,CS20260131_SCLU_050,#756bb1,RG_4,RG
RG_5,subcluster,51,CS20260131_SCLU_051,#9e9ac8,RG_5,RG
RG_6,subcluster,52,CS20260131_SCLU_052,#bcbddc,RG_6,RG
RG_7,subcluster,53,CS20260131_SCLU_053,#dadaeb,RG_7,RG
RG_8,subcluster,54,CS20260131_SCLU_054,#636363,RG_8,RG
RG_9,subcluster,55,CS20260131_SCLU_055,#969696,RG_9,RG
RG_10,subcluster,56,CS20260131_SCLU_056,#bdbdbd,RG_10,RG
RG_11,subcluster,57,CS20260131_SCLU_057,#d9d9d9,RG_11,RG
RG_12,subcluster,58,CS20260131_SCLU_058,#393b79,RG_12,RG
RG_13,subcluster,59,CS20260131_SCLU_059,#5254a3,RG_13,RG
RG_14,subcluster,60,CS20260131_SCLU_060,#6b6ecf,RG_14,RG
RG_15,subcluster,61,CS20260131_SCLU_061,#9c9ede,RG_15,RG
RG_16,subcluster,62,CS20260131_SCLU_062,#637939,RG_16,RG
RG_17,subcluster,63,CS20260131_SCLU_063,#8ca252,RG_17,RG
RG_18,subcluster,64,CS20260131_SCLU_064,#b5cf6b,RG_18,RG
RG_19,subcluster,65,CS20260131_SCLU_065,#cedb9c,RG_19,RG
RG_20,subcluster,66,CS20260131_SCLU_066,#8c6d31,RG_20,RG
RG_21,subcluster,67,CS20260131_SCLU_067,#bd9e39,RG_21,RG
RG_22,subcluster,68,CS20260131_SCLU_068,#e7ba52,RG_22,RG
RG_23,subcluster,69,CS20260131_SCLU_069,#e7cb94,RG_23,RG
RG_24,subcluster,70,CS20260131_SCLU_070,#843c39,RG_24,RG
RG_25,subcluster,71,CS20260131_SCLU_071,#ad494a,RG_25,RG
RG_26,subcluster,72,CS20260131_SCLU_072,#d6616b,RG_26,RG
RG_27,subcluster,73,CS20260131_SCLU_073,#e7969c,RG_27,RG
RG_28,subcluster,74,CS20260131_SCLU_074,#7b4173,RG_28,RG
RG_29,subcluster,75,CS20260131_SCLU_075,#a55194,RG_29,RG
RG_30,subcluster,76,CS20260131_SCLU_076,#ce6dbd,RG_30,RG
IP nonIT_1,subcluster,77,CS20260131_SCLU_077,#fdd0a2,IP nonIT_1,IP nonIT
IP nonIT_2,subcluster,78,CS20260131_SCLU_078,#31a354,IP nonIT_2,IP nonIT
IP nonIT_3,subcluster,79,CS20260131_SCLU_079,#74c476,IP nonIT_3,IP nonIT
IP nonIT_4,subcluster,80,CS20260131_SCLU_080,#a1d99b,IP nonIT_4,IP nonIT
IP nonIT_5,subcluster,81,CS20260131_SCLU_081,#c7e9c0,IP nonIT_5,IP nonIT
IP nonIT_6,subcluster,82,CS20260131_SCLU_082,#756bb1,IP nonIT_6,IP nonIT
IP nonIT_7,subcluster,83,CS20260131_SCLU_083,#9e9ac8,IP nonIT_7,IP nonIT
IP nonIT_8,subcluster,84,CS20260131_SCLU_084,#bcbddc,IP nonIT_8,IP nonIT
IP nonIT_9,subcluster,85,CS20260131_SCLU_085,#dadaeb,IP nonIT_9,IP nonIT
IP nonIT_10,subcluster,86,CS20260131_SCLU_086,#636363,IP nonIT_10,IP nonIT
IP nonIT_11,subcluster,87,CS20260131_SCLU_087,#969696,IP nonIT_11,IP nonIT
IP nonIT_12,subcluster,88,CS20260131_SCLU_088,#bdbdbd,IP nonIT_12,IP nonIT
IP nonIT_13,subcluster,89,CS20260131_SCLU_089,#d9d9d9,IP nonIT_13,IP nonIT
IP nonIT_14,subcluster,90,CS20260131_SCLU_090,#393b79,IP nonIT_14,IP nonIT
IP nonIT_15,subcluster,91,CS20260131_SCLU_091,#5254a3,IP nonIT_15,IP nonIT
IP nonIT_16,subcluster,92,CS20260131_SCLU_092,#6b6ecf,IP nonIT_16,IP nonIT
IP nonIT_17,subcluster,93,CS20260131_SCLU_093,#9c9ede,IP nonIT_17,IP nonIT
IP nonIT_18,subcluster,94,CS20260131_SCLU_094,#637939,IP nonIT_18,IP nonIT
IP nonIT_19,subcluster,95,CS20260131_SCLU_095,#8ca252,IP nonIT_19,IP nonIT
IP nonIT_20,subcluster,96,CS20260131_SCLU_096,#b5cf6b,IP nonIT_20,IP nonIT
IP nonIT_21,subcluster,97,CS20260131_SCLU_097,#cedb9c,IP nonIT_21,IP nonIT
IP nonIT_22,subcluster,98,CS20260131_SCLU_098,#8c6d31,IP nonIT_22,IP nonIT
IP IT_1,subcluster,99,CS20260131_SCLU_099,#3182bd,IP IT_1,IP IT
IP IT_2,subcluster,100,CS20260131_SCLU_100,#6baed6,IP IT_2,IP IT
IP IT_3,subcluster,101,CS20260131_SCLU_101,#9ecae1,IP IT_3,IP IT
IP IT_4,subcluster,102,CS20260131_SCLU_102,#c6dbef,IP IT_4,IP IT
IP IT_5,subcluster,103,CS20260131_SCLU_103,#e6550d,IP IT_5,IP IT
IP IT_6,subcluster,104,CS20260131_SCLU_104,#fd8d3c,IP IT_6,IP IT
IP IT_7,subcluster,105,CS20260131_SCLU_105,#fdae6b,IP IT_7,IP IT
IMN nonIT_1,subcluster,106,CS20260131_SCLU_106,#fd8d3c,IMN nonIT_1,IMN nonIT
IMN nonIT_2,subcluster,107,CS20260131_SCLU_107,#fdae6b,IMN nonIT_2,IMN nonIT
IMN nonIT_3,subcluster,108,CS20260131_SCLU_108,#fdd0a2,IMN nonIT_3,IMN nonIT
IMN nonIT_4,subcluster,109,CS20260131_SCLU_109,#31a354,IMN nonIT_4,IMN nonIT
IMN nonIT_5,subcluster,110,CS20260131_SCLU_110,#74c476,IMN nonIT_5,IMN nonIT
IMN nonIT_6,subcluster,111,CS20260131_SCLU_111,#a1d99b,IMN nonIT_6,IMN nonIT
IMN nonIT_7,subcluster,112,CS20260131_SCLU_112,#c7e9c0,IMN nonIT_7,IMN nonIT
IMN nonIT_8,subcluster,113,CS20260131_SCLU_113,#756bb1,IMN nonIT_8,IMN nonIT
IMN nonIT_9,subcluster,114,CS20260131_SCLU_114,#9e9ac8,IMN nonIT_9,IMN nonIT
IMN nonIT_10,subcluster,115,CS20260131_SCLU_115,#bcbddc,IMN nonIT_10,IMN nonIT
IMN nonIT_11,subcluster,116,CS20260131_SCLU_116,#dadaeb,IMN nonIT_11,IMN nonIT
IMN nonIT_12,subcluster,117,CS20260131_SCLU_117,#636363,IMN nonIT_12,IMN nonIT
IMN nonIT_13,subcluster,118,CS20260131_SCLU_118,#969696,IMN nonIT_13,IMN nonIT
IMN nonIT_14,subcluster,119,CS20260131_SCLU_119,#bdbdbd,IMN nonIT_14,IMN nonIT
IMN nonIT_15,subcluster,120,CS20260131_SCLU_120,#d9d9d9,IMN nonIT_15,IMN nonIT
IMN nonIT_16,subcluster,121,CS20260131_SCLU_121,#393b79,IMN nonIT_16,IMN nonIT
IMN nonIT_17,subcluster,122,CS20260131_SCLU_122,#5254a3,IMN nonIT_17,IMN nonIT
IMN nonIT_18,subcluster,123,CS20260131_SCLU_123,#6b6ecf,IMN nonIT_18,IMN nonIT
IMN nonIT_19,subcluster,124,CS20260131_SCLU_124,#9c9ede,IMN nonIT_19,IMN nonIT
IMN nonIT_20,subcluster,125,CS20260131_SCLU_125,#637939,IMN nonIT_20,IMN nonIT
IMN nonIT_21,subcluster,126,CS20260131_SCLU_126,#8ca252,IMN nonIT_21,IMN nonIT
IMN nonIT_22,subcluster,127,CS20260131_SCLU_127,#b5cf6b,IMN nonIT_22,IMN nonIT
IMN nonIT_23,subcluster,128,CS20260131_SCLU_128,#cedb9c,IMN nonIT_23,IMN nonIT
IMN nonIT_24,subcluster,129,CS20260131_SCLU_129,#8c6d31,IMN nonIT_24,IMN nonIT
IMN nonIT_25,subcluster,130,CS20260131_SCLU_130,#bd9e39,IMN nonIT_25,IMN nonIT
IMN nonIT_26,subcluster,131,CS20260131_SCLU_131,#e7ba52,IMN nonIT_26,IMN nonIT
IMN nonIT_27,subcluster,132,CS20260131_SCLU_132,#e7cb94,IMN nonIT_27,IMN nonIT
IMN nonIT_28,subcluster,133,CS20260131_SCLU_133,#843c39,IMN nonIT_28,IMN nonIT
IMN nonIT_29,subcluster,134,CS20260131_SCLU_134,#ad494a,IMN nonIT_29,IMN nonIT
IMN nonIT_30,subcluster,135,CS20260131_SCLU_135,#d6616b,IMN nonIT_30,IMN nonIT
IMN nonIT_31,subcluster,136,CS20260131_SCLU_136,#e7969c,IMN nonIT_31,IMN nonIT
IMN nonIT_32,subcluster,137,CS20260131_SCLU_137,#7b4173,IMN nonIT_32,IMN nonIT
IMN nonIT_33,subcluster,138,CS20260131_SCLU_138,#a55194,IMN nonIT_33,IMN nonIT
IMN nonIT_34,subcluster,139,CS20260131_SCLU_139,#ce6dbd,IMN nonIT_34,IMN nonIT
IMN nonIT_35,subcluster,140,CS20260131_SCLU_140,#de9ed6,IMN nonIT_35,IMN nonIT
IMN IT Deep Layer_1,subcluster,141,CS20260131_SCLU_141,#637939,IMN IT Deep Layer_1,IMN IT Deep Layer
IMN IT Deep Layer_2,subcluster,142,CS20260131_SCLU_142,#8ca252,IMN IT Deep Layer_2,IMN IT Deep Layer
IMN IT Deep Layer_3,subcluster,143,CS20260131_SCLU_143,#b5cf6b,IMN IT Deep Layer_3,IMN IT Deep Layer
IMN IT Deep Layer_4,subcluster,144,CS20260131_SCLU_144,#cedb9c,IMN IT Deep Layer_4,IMN IT Deep Layer
IMN IT Deep Layer_5,subcluster,145,CS20260131_SCLU_145,#8c6d31,IMN IT Deep Layer_5,IMN IT Deep Layer
IMN IT Deep Layer_6,subcluster,146,CS20260131_SCLU_146,#bd9e39,IMN IT Deep Layer_6,IMN IT Deep Layer
IMN IT Deep Layer_7,subcluster,147,CS20260131_SCLU_147,#e7ba52,IMN IT Deep Layer_7,IMN IT Deep Layer
IMN IT Deep Layer_8,subcluster,148,CS20260131_SCLU_148,#e7cb94,IMN IT Deep Layer_8,IMN IT Deep Layer
IMN IT Deep Layer_9,subcluster,149,CS20260131_SCLU_149,#843c39,IMN IT Deep Layer_9,IMN IT Deep Layer
IMN IT Deep Layer_10,subcluster,150,CS20260131_SCLU_150,#ad494a,IMN IT Deep Layer_10,IMN IT Deep Layer
IMN IT Upper Layer_1,subcluster,151,CS20260131_SCLU_151,#d6616b,IMN IT Upper Layer_1,IMN IT Upper Layer
IMN IT Upper Layer_2,subcluster,152,CS20260131_SCLU_152,#e7969c,IMN IT Upper Layer_2,IMN IT Upper Layer
IMN IT Upper Layer_3,subcluster,153,CS20260131_SCLU_153,#7b4173,IMN IT Upper Layer_3,IMN IT Upper Layer
IMN IT Upper Layer_4,subcluster,154,CS20260131_SCLU_154,#a55194,IMN IT Upper Layer_4,IMN IT Upper Layer
IMN IT Upper Layer_5,subcluster,155,CS20260131_SCLU_155,#ce6dbd,IMN IT Upper Layer_5,IMN IT Upper Layer
IMN IT Upper Layer_6,subcluster,156,CS20260131_SCLU_156,#de9ed6,IMN IT Upper Layer_6,IMN IT Upper Layer
IMN IT Upper Layer_7,subcluster,157,CS20260131_SCLU_157,#3182bd,IMN IT Upper Layer_7,IMN IT Upper Layer
IMN IT Upper Layer_8,subcluster,158,CS20260131_SCLU_158,#6baed6,IMN IT Upper Layer_8,IMN IT Upper Layer
IMN IT Upper Layer_9,subcluster,159,CS20260131_SCLU_159,#9ecae1,IMN IT Upper Layer_9,IMN IT Upper Layer
IMN IT Upper Layer_10,subcluster,160,CS20260131_SCLU_160,#c6dbef,IMN IT Upper Layer_10,IMN IT Upper Layer
IMN IT Upper Layer_11,subcluster,161,CS20260131_SCLU_161,#e6550d,IMN IT Upper Layer_11,IMN IT Upper Layer
421_L6b/CT ENT Glut_4_1,subcluster,162,CS20260131_SCLU_162,#8ca252,421_L6b/CT ENT Glut_4_1,421_L6b/CT ENT Glut_4
421_L6b/CT ENT Glut_4_2,subcluster,163,CS20260131_SCLU_163,#b5cf6b,421_L6b/CT ENT Glut_4_2,421_L6b/CT ENT Glut_4
421_L6b/CT ENT Glut_4_3,subcluster,164,CS20260131_SCLU_164,#cedb9c,421_L6b/CT ENT Glut_4_3,421_L6b/CT ENT Glut_4
421_L6b/CT ENT Glut_4_4,subcluster,165,CS20260131_SCLU_165,#8c6d31,421_L6b/CT ENT Glut_4_4,421_L6b/CT ENT Glut_4
421_L6b/CT ENT Glut_4_5,subcluster,166,CS20260131_SCLU_166,#bd9e39,421_L6b/CT ENT Glut_4_5,421_L6b/CT ENT Glut_4
421_L6b/CT ENT Glut_4_6,subcluster,167,CS20260131_SCLU_167,#e7ba52,421_L6b/CT ENT Glut_4_6,421_L6b/CT ENT Glut_4
421_L6b/CT ENT Glut_4_7,subcluster,168,CS20260131_SCLU_168,#e7cb94,421_L6b/CT ENT Glut_4_7,421_L6b/CT ENT Glut_4
421_L6b/CT ENT Glut_4_8,subcluster,169,CS20260131_SCLU_169,#843c39,421_L6b/CT ENT Glut_4_8,421_L6b/CT ENT Glut_4
421_L6b/CT ENT Glut_4_9,subcluster,170,CS20260131_SCLU_170,#ad494a,421_L6b/CT ENT Glut_4_9,421_L6b/CT ENT Glut_4
427_L6b CTX Glut_2_1,subcluster,171,CS20260131_SCLU_171,#d6616b,427_L6b CTX Glut_2_1,427_L6b CTX Glut_2
427_L6b CTX Glut_2_2,subcluster,172,CS20260131_SCLU_172,#e7969c,427_L6b CTX Glut_2_2,427_L6b CTX Glut_2
427_L6b CTX Glut_2_3,subcluster,173,CS20260131_SCLU_173,#7b4173,427_L6b CTX Glut_2_3,427_L6b CTX Glut_2
427_L6b CTX Glut_2_4,subcluster,174,CS20260131_SCLU_174,#a55194,427_L6b CTX Glut_2_4,427_L6b CTX Glut_2
427_L6b CTX Glut_2_5,subcluster,175,CS20260131_SCLU_175,#ce6dbd,427_L6b CTX Glut_2_5,427_L6b CTX Glut_2
427_L6b CTX Glut_2_6,subcluster,176,CS20260131_SCLU_176,#de9ed6,427_L6b CTX Glut_2_6,427_L6b CTX Glut_2
427_L6b CTX Glut_2_7,subcluster,177,CS20260131_SCLU_177,#3182bd,427_L6b CTX Glut_2_7,427_L6b CTX Glut_2
427_L6b CTX Glut_2_8,subcluster,178,CS20260131_SCLU_178,#6baed6,427_L6b CTX Glut_2_8,427_L6b CTX Glut_2
427_L6b CTX Glut_2_9,subcluster,179,CS20260131_SCLU_179,#9ecae1,427_L6b CTX Glut_2_9,427_L6b CTX Glut_2
428_L6b CTX Glut_2_1,subcluster,180,CS20260131_SCLU_180,#c6dbef,428_L6b CTX Glut_2_1,428_L6b CTX Glut_2
428_L6b CTX Glut_2_2,subcluster,181,CS20260131_SCLU_181,#e6550d,428_L6b CTX Glut_2_2,428_L6b CTX Glut_2
428_L6b CTX Glut_2_3,subcluster,182,CS20260131_SCLU_182,#fd8d3c,428_L6b CTX Glut_2_3,428_L6b CTX Glut_2
428_L6b CTX Glut_2_4,subcluster,183,CS20260131_SCLU_183,#fdae6b,428_L6b CTX Glut_2_4,428_L6b CTX Glut_2
428_L6b CTX Glut_2_5,subcluster,184,CS20260131_SCLU_184,#fdd0a2,428_L6b CTX Glut_2_5,428_L6b CTX Glut_2
428_L6b CTX Glut_2_6,subcluster,185,CS20260131_SCLU_185,#31a354,428_L6b CTX Glut_2_6,428_L6b CTX Glut_2
428_L6b CTX Glut_2_7,subcluster,186,CS20260131_SCLU_186,#74c476,428_L6b CTX Glut_2_7,428_L6b CTX Glut_2
428_L6b CTX Glut_2_8,subcluster,187,CS20260131_SCLU_187,#a1d99b,428_L6b CTX Glut_2_8,428_L6b CTX Glut_2
428_L6b CTX Glut_2_9,subcluster,188,CS20260131_SCLU_188,#c7e9c0,428_L6b CTX Glut_2_9,428_L6b CTX Glut_2
428_L6b CTX Glut_2_10,subcluster,189,CS20260131_SCLU_189,#756bb1,428_L6b CTX Glut_2_10,428_L6b CTX Glut_2
437_L6 CT CTX Glut_1_1,subcluster,190,CS20260131_SCLU_190,#9e9ac8,437_L6 CT CTX Glut_1_1,437_L6 CT CTX Glut_1
437_L6 CT CTX Glut_1_2,subcluster,191,CS20260131_SCLU_191,#bcbddc,437_L6 CT CTX Glut_1_2,437_L6 CT CTX Glut_1
437_L6 CT CTX Glut_1_3,subcluster,192,CS20260131_SCLU_192,#dadaeb,437_L6 CT CTX Glut_1_3,437_L6 CT CTX Glut_1
437_L6 CT CTX Glut_1_4,subcluster,193,CS20260131_SCLU_193,#636363,437_L6 CT CTX Glut_1_4,437_L6 CT CTX Glut_1
437_L6 CT CTX Glut_1_5,subcluster,194,CS20260131_SCLU_194,#969696,437_L6 CT CTX Glut_1_5,437_L6 CT CTX Glut_1
437_L6 CT CTX Glut_1_6,subcluster,195,CS20260131_SCLU_195,#bdbdbd,437_L6 CT CTX Glut_1_6,437_L6 CT CTX Glut_1
437_L6 CT CTX Glut_1_7,subcluster,196,CS20260131_SCLU_196,#d9d9d9,437_L6 CT CTX Glut_1_7,437_L6 CT CTX Glut_1
437_L6 CT CTX Glut_1_8,subcluster,197,CS20260131_SCLU_197,#393b79,437_L6 CT CTX Glut_1_8,437_L6 CT CTX Glut_1
437_L6 CT CTX Glut_1_9,subcluster,198,CS20260131_SCLU_198,#5254a3,437_L6 CT CTX Glut_1_9,437_L6 CT CTX Glut_1
437_L6 CT CTX Glut_1_10,subcluster,199,CS20260131_SCLU_199,#6b6ecf,437_L6 CT CTX Glut_1_10,437_L6 CT CTX Glut_1
437_L6 CT CTX Glut_1_11,subcluster,200,CS20260131_SCLU_200,#9c9ede,437_L6 CT CTX Glut_1_11,437_L6 CT CTX Glut_1
437_L6 CT CTX Glut_1_12,subcluster,201,CS20260131_SCLU_201,#637939,437_L6 CT CTX Glut_1_12,437_L6 CT CTX Glut_1
437_L6 CT CTX Glut_1_13,subcluster,202,CS20260131_SCLU_202,#8ca252,437_L6 CT CTX Glut_1_13,437_L6 CT CTX Glut_1
437_L6 CT CTX Glut_1_14,subcluster,203,CS20260131_SCLU_203,#b5cf6b,437_L6 CT CTX Glut_1_14,437_L6 CT CTX Glut_1
437_L6 CT CTX Glut_1_15,subcluster,204,CS20260131_SCLU_204,#cedb9c,437_L6 CT CTX Glut_1_15,437_L6 CT CTX Glut_1
437_L6 CT CTX Glut_1_16,subcluster,205,CS20260131_SCLU_205,#8c6d31,437_L6 CT CTX Glut_1_16,437_L6 CT CTX Glut_1
439_L6 CT CTX Glut_1_1,subcluster,206,CS20260131_SCLU_206,#bd9e39,439_L6 CT CTX Glut_1_1,439_L6 CT CTX Glut_1
439_L6 CT CTX Glut_1_2,subcluster,207,CS20260131_SCLU_207,#e7ba52,439_L6 CT CTX Glut_1_2,439_L6 CT CTX Glut_1
439_L6 CT CTX Glut_1_3,subcluster,208,CS20260131_SCLU_208,#e7cb94,439_L6 CT CTX Glut_1_3,439_L6 CT CTX Glut_1
439_L6 CT CTX Glut_1_4,subcluster,209,CS20260131_SCLU_209,#843c39,439_L6 CT CTX Glut_1_4,439_L6 CT CTX Glut_1
439_L6 CT CTX Glut_1_5,subcluster,210,CS20260131_SCLU_210,#ad494a,439_L6 CT CTX Glut_1_5,439_L6 CT CTX Glut_1
439_L6 CT CTX Glut_1_6,subcluster,211,CS20260131_SCLU_211,#d6616b,439_L6 CT CTX Glut_1_6,439_L6 CT CTX Glut_1
439_L6 CT CTX Glut_1_7,subcluster,212,CS20260131_SCLU_212,#e7969c,439_L6 CT CTX Glut_1_7,439_L6 CT CTX Glut_1
439_L6 CT CTX Glut_1_8,subcluster,213,CS20260131_SCLU_213,#7b4173,439_L6 CT CTX Glut_1_8,439_L6 CT CTX Glut_1
439_L6 CT CTX Glut_1_9,subcluster,214,CS20260131_SCLU_214,#a55194,439_L6 CT CTX Glut_1_9,439_L6 CT CTX Glut_1
439_L6 CT CTX Glut_1_10,subcluster,215,CS20260131_SCLU_215,#ce6dbd,439_L6 CT CTX Glut_1_10,439_L6 CT CTX Glut_1
439_L6 CT CTX Glut_1_11,subcluster,216,CS20260131_SCLU_216,#de9ed6,439_L6 CT CTX Glut_1_11,439_L6 CT CTX Glut_1
439_L6 CT CTX Glut_1_12,subcluster,217,CS20260131_SCLU_217,#3182bd,439_L6 CT CTX Glut_1_12,439_L6 CT CTX Glut_1
439_L6 CT CTX Glut_1_13,subcluster,218,CS20260131_SCLU_218,#6baed6,439_L6 CT CTX Glut_1_13,439_L6 CT CTX Glut_1
439_L6 CT CTX Glut_1_14,subcluster,219,CS20260131_SCLU_219,#9ecae1,439_L6 CT CTX Glut_1_14,439_L6 CT CTX Glut_1
440_L6 CT CTX Glut_1_1,subcluster,220,CS20260131_SCLU_220,#c6dbef,440_L6 CT CTX Glut_1_1,440_L6 CT CTX Glut_1
440_L6 CT CTX Glut_1_2,subcluster,221,CS20260131_SCLU_221,#e6550d,440_L6 CT CTX Glut_1_2,440_L6 CT CTX Glut_1
440_L6 CT CTX Glut_1_3,subcluster,222,CS20260131_SCLU_222,#fd8d3c,440_L6 CT CTX Glut_1_3,440_L6 CT CTX Glut_1
440_L6 CT CTX Glut_1_4,subcluster,223,CS20260131_SCLU_223,#fdae6b,440_L6 CT CTX Glut_1_4,440_L6 CT CTX Glut_1
440_L6 CT CTX Glut_1_5,subcluster,224,CS20260131_SCLU_224,#fdd0a2,440_L6 CT CTX Glut_1_5,440_L6 CT CTX Glut_1
440_L6 CT CTX Glut_1_6,subcluster,225,CS20260131_SCLU_225,#31a354,440_L6 CT CTX Glut_1_6,440_L6 CT CTX Glut_1
440_L6 CT CTX Glut_1_7,subcluster,226,CS20260131_SCLU_226,#74c476,440_L6 CT CTX Glut_1_7,440_L6 CT CTX Glut_1
440_L6 CT CTX Glut_1_8,subcluster,227,CS20260131_SCLU_227,#a1d99b,440_L6 CT CTX Glut_1_8,440_L6 CT CTX Glut_1
440_L6 CT CTX Glut_1_9,subcluster,228,CS20260131_SCLU_228,#c7e9c0,440_L6 CT CTX Glut_1_9,440_L6 CT CTX Glut_1
440_L6 CT CTX Glut_1_10,subcluster,229,CS20260131_SCLU_229,#756bb1,440_L6 CT CTX Glut_1_10,440_L6 CT CTX Glut_1
440_L6 CT CTX Glut_1_11,subcluster,230,CS20260131_SCLU_230,#9e9ac8,440_L6 CT CTX Glut_1_11,440_L6 CT CTX Glut_1
440_L6 CT CTX Glut_1_12,subcluster,231,CS20260131_SCLU_231,#bcbddc,440_L6 CT CTX Glut_1_12,440_L6 CT CTX Glut_1
440_L6 CT CTX Glut_1_13,subcluster,232,CS20260131_SCLU_232,#dadaeb,440_L6 CT CTX Glut_1_13,440_L6 CT CTX Glut_1
440_L6 CT CTX Glut_1_14,subcluster,233,CS20260131_SCLU_233,#636363,440_L6 CT CTX Glut_1_14,440_L6 CT CTX Glut_1
440_L6 CT CTX Glut_1_15,subcluster,234,CS20260131_SCLU_234,#969696,440_L6 CT CTX Glut_1_15,440_L6 CT CTX Glut_1
466_L5 NP CTX Glut_2_1,subcluster,235,CS20260131_SCLU_235,#bdbdbd,466_L5 NP CTX Glut_2_1,466_L5 NP CTX Glut_2
466_L5 NP CTX Glut_2_2,subcluster,236,CS20260131_SCLU_236,#d9d9d9,466_L5 NP CTX Glut_2_2,466_L5 NP CTX Glut_2
466_L5 NP CTX Glut_2_3,subcluster,237,CS20260131_SCLU_237,#393b79,466_L5 NP CTX Glut_2_3,466_L5 NP CTX Glut_2
466_L5 NP CTX Glut_2_4,subcluster,238,CS20260131_SCLU_238,#5254a3,466_L5 NP CTX Glut_2_4,466_L5 NP CTX Glut_2
466_L5 NP CTX Glut_2_5,subcluster,239,CS20260131_SCLU_239,#6b6ecf,466_L5 NP CTX Glut_2_5,466_L5 NP CTX Glut_2
468_L5 NP CTX Glut_3_1,subcluster,240,CS20260131_SCLU_240,#9c9ede,468_L5 NP CTX Glut_3_1,468_L5 NP CTX Glut_3
468_L5 NP CTX Glut_3_2,subcluster,241,CS20260131_SCLU_241,#637939,468_L5 NP CTX Glut_3_2,468_L5 NP CTX Glut_3
468_L5 NP CTX Glut_3_3,subcluster,242,CS20260131_SCLU_242,#8ca252,468_L5 NP CTX Glut_3_3,468_L5 NP CTX Glut_3
468_L5 NP CTX Glut_3_4,subcluster,243,CS20260131_SCLU_243,#b5cf6b,468_L5 NP CTX Glut_3_4,468_L5 NP CTX Glut_3
468_L5 NP CTX Glut_3_5,subcluster,244,CS20260131_SCLU_244,#cedb9c,468_L5 NP CTX Glut_3_5,468_L5 NP CTX Glut_3
468_L5 NP CTX Glut_3_6,subcluster,245,CS20260131_SCLU_245,#8c6d31,468_L5 NP CTX Glut_3_6,468_L5 NP CTX Glut_3
468_L5 NP CTX Glut_3_7,subcluster,246,CS20260131_SCLU_246,#bd9e39,468_L5 NP CTX Glut_3_7,468_L5 NP CTX Glut_3
468_L5 NP CTX Glut_3_8,subcluster,247,CS20260131_SCLU_247,#e7ba52,468_L5 NP CTX Glut_3_8,468_L5 NP CTX Glut_3
468_L5 NP CTX Glut_3_9,subcluster,248,CS20260131_SCLU_248,#e7cb94,468_L5 NP CTX Glut_3_9,468_L5 NP CTX Glut_3
365_L5 ET CTX Glut_3_1,subcluster,249,CS20260131_SCLU_249,#756bb1,365_L5 ET CTX Glut_3_1,365_L5 ET CTX Glut_3
365_L5 ET CTX Glut_3_2,subcluster,250,CS20260131_SCLU_250,#9e9ac8,365_L5 ET CTX Glut_3_2,365_L5 ET CTX Glut_3
365_L5 ET CTX Glut_3_3,subcluster,251,CS20260131_SCLU_251,#bcbddc,365_L5 ET CTX Glut_3_3,365_L5 ET CTX Glut_3
365_L5 ET CTX Glut_3_4,subcluster,252,CS20260131_SCLU_252,#dadaeb,365_L5 ET CTX Glut_3_4,365_L5 ET CTX Glut_3
365_L5 ET CTX Glut_3_5,subcluster,253,CS20260131_SCLU_253,#636363,365_L5 ET CTX Glut_3_5,365_L5 ET CTX Glut_3
365_L5 ET CTX Glut_3_6,subcluster,254,CS20260131_SCLU_254,#969696,365_L5 ET CTX Glut_3_6,365_L5 ET CTX Glut_3
365_L5 ET CTX Glut_3_7,subcluster,255,CS20260131_SCLU_255,#bdbdbd,365_L5 ET CTX Glut_3_7,365_L5 ET CTX Glut_3
365_L5 ET CTX Glut_3_8,subcluster,256,CS20260131_SCLU_256,#d9d9d9,365_L5 ET CTX Glut_3_8,365_L5 ET CTX Glut_3
365_L5 ET CTX Glut_3_9,subcluster,257,CS20260131_SCLU_257,#393b79,365_L5 ET CTX Glut_3_9,365_L5 ET CTX Glut_3
365_L5 ET CTX Glut_3_10,subcluster,258,CS20260131_SCLU_258,#5254a3,365_L5 ET CTX Glut_3_10,365_L5 ET CTX Glut_3
365_L5 ET CTX Glut_3_11,subcluster,259,CS20260131_SCLU_259,#6b6ecf,365_L5 ET CTX Glut_3_11,365_L5 ET CTX Glut_3
365_L5 ET CTX Glut_3_12,subcluster,260,CS20260131_SCLU_260,#9c9ede,365_L5 ET CTX Glut_3_12,365_L5 ET CTX Glut_3
365_L5 ET CTX Glut_3_13,subcluster,261,CS20260131_SCLU_261,#637939,365_L5 ET CTX Glut_3_13,365_L5 ET CTX Glut_3
365_L5 ET CTX Glut_3_14,subcluster,262,CS20260131_SCLU_262,#8ca252,365_L5 ET CTX Glut_3_14,365_L5 ET CTX Glut_3
365_L5 ET CTX Glut_3_15,subcluster,263,CS20260131_SCLU_263,#b5cf6b,365_L5 ET CTX Glut_3_15,365_L5 ET CTX Glut_3
365_L5 ET CTX Glut_3_16,subcluster,264,CS20260131_SCLU_264,#cedb9c,365_L5 ET CTX Glut_3_16,365_L5 ET CTX Glut_3
366_L5 ET CTX Glut_3_1,subcluster,265,CS20260131_SCLU_265,#8c6d31,366_L5 ET CTX Glut_3_1,366_L5 ET CTX Glut_3
366_L5 ET CTX Glut_3_2,subcluster,266,CS20260131_SCLU_266,#bd9e39,366_L5 ET CTX Glut_3_2,366_L5 ET CTX Glut_3
366_L5 ET CTX Glut_3_3,subcluster,267,CS20260131_SCLU_267,#e7ba52,366_L5 ET CTX Glut_3_3,366_L5 ET CTX Glut_3
366_L5 ET CTX Glut_3_4,subcluster,268,CS20260131_SCLU_268,#e7cb94,366_L5 ET CTX Glut_3_4,366_L5 ET CTX Glut_3
366_L5 ET CTX Glut_3_5,subcluster,269,CS20260131_SCLU_269,#843c39,366_L5 ET CTX Glut_3_5,366_L5 ET CTX Glut_3
366_L5 ET CTX Glut_3_6,subcluster,270,CS20260131_SCLU_270,#ad494a,366_L5 ET CTX Glut_3_6,366_L5 ET CTX Glut_3
366_L5 ET CTX Glut_3_7,subcluster,271,CS20260131_SCLU_271,#d6616b,366_L5 ET CTX Glut_3_7,366_L5 ET CTX Glut_3
367_L5 ET CTX Glut_3_1,subcluster,272,CS20260131_SCLU_272,#e7969c,367_L5 ET CTX Glut_3_1,367_L5 ET CTX Glut_3
367_L5 ET CTX Glut_3_2,subcluster,273,CS20260131_SCLU_273,#7b4173,367_L5 ET CTX Glut_3_2,367_L5 ET CTX Glut_3
367_L5 ET CTX Glut_3_3,subcluster,274,CS20260131_SCLU_274,#a55194,367_L5 ET CTX Glut_3_3,367_L5 ET CTX Glut_3
367_L5 ET CTX Glut_3_4,subcluster,275,CS20260131_SCLU_275,#ce6dbd,367_L5 ET CTX Glut_3_4,367_L5 ET CTX Glut_3
367_L5 ET CTX Glut_3_5,subcluster,276,CS20260131_SCLU_276,#de9ed6,367_L5 ET CTX Glut_3_5,367_L5 ET CTX Glut_3
367_L5 ET CTX Glut_3_6,subcluster,277,CS20260131_SCLU_277,#3182bd,367_L5 ET CTX Glut_3_6,367_L5 ET CTX Glut_3
367_L5 ET CTX Glut_3_7,subcluster,278,CS20260131_SCLU_278,#6baed6,367_L5 ET CTX Glut_3_7,367_L5 ET CTX Glut_3
367_L5 ET CTX Glut_3_8,subcluster,279,CS20260131_SCLU_279,#9ecae1,367_L5 ET CTX Glut_3_8,367_L5 ET CTX Glut_3
367_L5 ET CTX Glut_3_9,subcluster,280,CS20260131_SCLU_280,#c6dbef,367_L5 ET CTX Glut_3_9,367_L5 ET CTX Glut_3
368_L5 ET CTX Glut_3_1,subcluster,281,CS20260131_SCLU_281,#e6550d,368_L5 ET CTX Glut_3_1,368_L5 ET CTX Glut_3
368_L5 ET CTX Glut_3_2,subcluster,282,CS20260131_SCLU_282,#fd8d3c,368_L5 ET CTX Glut_3_2,368_L5 ET CTX Glut_3
368_L5 ET CTX Glut_3_3,subcluster,283,CS20260131_SCLU_283,#fdae6b,368_L5 ET CTX Glut_3_3,368_L5 ET CTX Glut_3
368_L5 ET CTX Glut_3_4,subcluster,284,CS20260131_SCLU_284,#fdd0a2,368_L5 ET CTX Glut_3_4,368_L5 ET CTX Glut_3
368_L5 ET CTX Glut_3_5,subcluster,285,CS20260131_SCLU_285,#31a354,368_L5 ET CTX Glut_3_5,368_L5 ET CTX Glut_3
369_L5 ET CTX Glut_3_1,subcluster,286,CS20260131_SCLU_286,#74c476,369_L5 ET CTX Glut_3_1,369_L5 ET CTX Glut_3
369_L5 ET CTX Glut_3_2,subcluster,287,CS20260131_SCLU_287,#a1d99b,369_L5 ET CTX Glut_3_2,369_L5 ET CTX Glut_3
369_L5 ET CTX Glut_3_3,subcluster,288,CS20260131_SCLU_288,#c7e9c0,369_L5 ET CTX Glut_3_3,369_L5 ET CTX Glut_3
369_L5 ET CTX Glut_3_4,subcluster,289,CS20260131_SCLU_289,#756bb1,369_L5 ET CTX Glut_3_4,369_L5 ET CTX Glut_3
369_L5 ET CTX Glut_3_5,subcluster,290,CS20260131_SCLU_290,#9e9ac8,369_L5 ET CTX Glut_3_5,369_L5 ET CTX Glut_3
369_L5 ET CTX Glut_3_6,subcluster,291,CS20260131_SCLU_291,#bcbddc,369_L5 ET CTX Glut_3_6,369_L5 ET CTX Glut_3
369_L5 ET CTX Glut_3_7,subcluster,292,CS20260131_SCLU_292,#dadaeb,369_L5 ET CTX Glut_3_7,369_L5 ET CTX Glut_3
369_L5 ET CTX Glut_3_8,subcluster,293,CS20260131_SCLU_293,#636363,369_L5 ET CTX Glut_3_8,369_L5 ET CTX Glut_3
369_L5 ET CTX Glut_3_9,subcluster,294,CS20260131_SCLU_294,#969696,369_L5 ET CTX Glut_3_9,369_L5 ET CTX Glut_3
371_L5 ET CTX Glut_4_1,subcluster,295,CS20260131_SCLU_295,#bdbdbd,371_L5 ET CTX Glut_4_1,371_L5 ET CTX Glut_4
371_L5 ET CTX Glut_4_2,subcluster,296,CS20260131_SCLU_296,#d9d9d9,371_L5 ET CTX Glut_4_2,371_L5 ET CTX Glut_4
371_L5 ET CTX Glut_4_3,subcluster,297,CS20260131_SCLU_297,#393b79,371_L5 ET CTX Glut_4_3,371_L5 ET CTX Glut_4
371_L5 ET CTX Glut_4_4,subcluster,298,CS20260131_SCLU_298,#5254a3,371_L5 ET CTX Glut_4_4,371_L5 ET CTX Glut_4
371_L5 ET CTX Glut_4_5,subcluster,299,CS20260131_SCLU_299,#6b6ecf,371_L5 ET CTX Glut_4_5,371_L5 ET CTX Glut_4
372_L5 ET CTX Glut_4_1,subcluster,300,CS20260131_SCLU_300,#9c9ede,372_L5 ET CTX Glut_4_1,372_L5 ET CTX Glut_4
373_L5 ET CTX Glut_4_1,subcluster,301,CS20260131_SCLU_301,#637939,373_L5 ET CTX Glut_4_1,373_L5 ET CTX Glut_4
4_CLA-EPd-CTX Car3 Glut_1_1,subcluster,302,CS20260131_SCLU_302,#393b79,4_CLA-EPd-CTX Car3 Glut_1_1,4_CLA-EPd-CTX Car3 Glut_1
4_CLA-EPd-CTX Car3 Glut_1_2,subcluster,303,CS20260131_SCLU_303,#5254a3,4_CLA-EPd-CTX Car3 Glut_1_2,4_CLA-EPd-CTX Car3 Glut_1
4_CLA-EPd-CTX Car3 Glut_1_3,subcluster,304,CS20260131_SCLU_304,#6b6ecf,4_CLA-EPd-CTX Car3 Glut_1_3,4_CLA-EPd-CTX Car3 Glut_1
4_CLA-EPd-CTX Car3 Glut_1_4,subcluster,305,CS20260131_SCLU_305,#9c9ede,4_CLA-EPd-CTX Car3 Glut_1_4,4_CLA-EPd-CTX Car3 Glut_1
37_L6 IT CTX Glut_1_1,subcluster,306,CS20260131_SCLU_306,#637939,37_L6 IT CTX Glut_1_1,37_L6 IT CTX Glut_1
37_L6 IT CTX Glut_1_2,subcluster,307,CS20260131_SCLU_307,#8ca252,37_L6 IT CTX Glut_1_2,37_L6 IT CTX Glut_1
37_L6 IT CTX Glut_1_3,subcluster,308,CS20260131_SCLU_308,#b5cf6b,37_L6 IT CTX Glut_1_3,37_L6 IT CTX Glut_1
37_L6 IT CTX Glut_1_4,subcluster,309,CS20260131_SCLU_309,#cedb9c,37_L6 IT CTX Glut_1_4,37_L6 IT CTX Glut_1
37_L6 IT CTX Glut_1_5,subcluster,310,CS20260131_SCLU_310,#8c6d31,37_L6 IT CTX Glut_1_5,37_L6 IT CTX Glut_1
37_L6 IT CTX Glut_1_6,subcluster,311,CS20260131_SCLU_311,#bd9e39,37_L6 IT CTX Glut_1_6,37_L6 IT CTX Glut_1
37_L6 IT CTX Glut_1_7,subcluster,312,CS20260131_SCLU_312,#e7ba52,37_L6 IT CTX Glut_1_7,37_L6 IT CTX Glut_1
37_L6 IT CTX Glut_1_8,subcluster,313,CS20260131_SCLU_313,#e7cb94,37_L6 IT CTX Glut_1_8,37_L6 IT CTX Glut_1
37_L6 IT CTX Glut_1_9,subcluster,314,CS20260131_SCLU_314,#843c39,37_L6 IT CTX Glut_1_9,37_L6 IT CTX Glut_1
41_L6 IT CTX Glut_2_1,subcluster,315,CS20260131_SCLU_315,#ad494a,41_L6 IT CTX Glut_2_1,41_L6 IT CTX Glut_2
41_L6 IT CTX Glut_2_2,subcluster,316,CS20260131_SCLU_316,#d6616b,41_L6 IT CTX Glut_2_2,41_L6 IT CTX Glut_2
41_L6 IT CTX Glut_2_3,subcluster,317,CS20260131_SCLU_317,#e7969c,41_L6 IT CTX Glut_2_3,41_L6 IT CTX Glut_2
41_L6 IT CTX Glut_2_4,subcluster,318,CS20260131_SCLU_318,#7b4173,41_L6 IT CTX Glut_2_4,41_L6 IT CTX Glut_2
41_L6 IT CTX Glut_2_5,subcluster,319,CS20260131_SCLU_319,#a55194,41_L6 IT CTX Glut_2_5,41_L6 IT CTX Glut_2
41_L6 IT CTX Glut_2_6,subcluster,320,CS20260131_SCLU_320,#ce6dbd,41_L6 IT CTX Glut_2_6,41_L6 IT CTX Glut_2
50_L6 IT CTX Glut_4_1,subcluster,321,CS20260131_SCLU_321,#de9ed6,50_L6 IT CTX Glut_4_1,50_L6 IT CTX Glut_4
51_L6 IT CTX Glut_4_1,subcluster,322,CS20260131_SCLU_322,#3182bd,51_L6 IT CTX Glut_4_1,51_L6 IT CTX Glut_4
51_L6 IT CTX Glut_4_2,subcluster,323,CS20260131_SCLU_323,#6baed6,51_L6 IT CTX Glut_4_2,51_L6 IT CTX Glut_4
51_L6 IT CTX Glut_4_3,subcluster,324,CS20260131_SCLU_324,#9ecae1,51_L6 IT CTX Glut_4_3,51_L6 IT CTX Glut_4
51_L6 IT CTX Glut_4_4,subcluster,325,CS20260131_SCLU_325,#c6dbef,51_L6 IT CTX Glut_4_4,51_L6 IT CTX Glut_4
51_L6 IT CTX Glut_4_5,subcluster,326,CS20260131_SCLU_326,#e6550d,51_L6 IT CTX Glut_4_5,51_L6 IT CTX Glut_4
51_L6 IT CTX Glut_4_6,subcluster,327,CS20260131_SCLU_327,#fd8d3c,51_L6 IT CTX Glut_4_6,51_L6 IT CTX Glut_4
51_L6 IT CTX Glut_4_7,subcluster,328,CS20260131_SCLU_328,#fdae6b,51_L6 IT CTX Glut_4_7,51_L6 IT CTX Glut_4
52_L6 IT CTX Glut_4_1,subcluster,329,CS20260131_SCLU_329,#fdd0a2,52_L6 IT CTX Glut_4_1,52_L6 IT CTX Glut_4
56_L5 IT CTX Glut_1_1,subcluster,330,CS20260131_SCLU_330,#31a354,56_L5 IT CTX Glut_1_1,56_L5 IT CTX Glut_1
56_L5 IT CTX Glut_1_2,subcluster,331,CS20260131_SCLU_331,#74c476,56_L5 IT CTX Glut_1_2,56_L5 IT CTX Glut_1
56_L5 IT CTX Glut_1_3,subcluster,332,CS20260131_SCLU_332,#a1d99b,56_L5 IT CTX Glut_1_3,56_L5 IT CTX Glut_1
56_L5 IT CTX Glut_1_4,subcluster,333,CS20260131_SCLU_333,#c7e9c0,56_L5 IT CTX Glut_1_4,56_L5 IT CTX Glut_1
56_L5 IT CTX Glut_1_5,subcluster,334,CS20260131_SCLU_334,#756bb1,56_L5 IT CTX Glut_1_5,56_L5 IT CTX Glut_1
56_L5 IT CTX Glut_1_6,subcluster,335,CS20260131_SCLU_335,#9e9ac8,56_L5 IT CTX Glut_1_6,56_L5 IT CTX Glut_1
56_L5 IT CTX Glut_1_7,subcluster,336,CS20260131_SCLU_336,#bcbddc,56_L5 IT CTX Glut_1_7,56_L5 IT CTX Glut_1
62_L5 IT CTX Glut_3_1,subcluster,337,CS20260131_SCLU_337,#dadaeb,62_L5 IT CTX Glut_3_1,62_L5 IT CTX Glut_3
63_L5 IT CTX Glut_4_1,subcluster,338,CS20260131_SCLU_338,#636363,63_L5 IT CTX Glut_4_1,63_L5 IT CTX Glut_4
64_L5 IT CTX Glut_4_1,subcluster,339,CS20260131_SCLU_339,#969696,64_L5 IT CTX Glut_4_1,64_L5 IT CTX Glut_4
64_L5 IT CTX Glut_4_2,subcluster,340,CS20260131_SCLU_340,#bdbdbd,64_L5 IT CTX Glut_4_2,64_L5 IT CTX Glut_4
64_L5 IT CTX Glut_4_3,subcluster,341,CS20260131_SCLU_341,#d9d9d9,64_L5 IT CTX Glut_4_3,64_L5 IT CTX Glut_4
64_L5 IT CTX Glut_4_4,subcluster,342,CS20260131_SCLU_342,#393b79,64_L5 IT CTX Glut_4_4,64_L5 IT CTX Glut_4
64_L5 IT CTX Glut_4_5,subcluster,343,CS20260131_SCLU_343,#5254a3,64_L5 IT CTX Glut_4_5,64_L5 IT CTX Glut_4
64_L5 IT CTX Glut_4_6,subcluster,344,CS20260131_SCLU_344,#6b6ecf,64_L5 IT CTX Glut_4_6,64_L5 IT CTX Glut_4
64_L5 IT CTX Glut_4_7,subcluster,345,CS20260131_SCLU_345,#9c9ede,64_L5 IT CTX Glut_4_7,64_L5 IT CTX Glut_4
64_L5 IT CTX Glut_4_8,subcluster,346,CS20260131_SCLU_346,#637939,64_L5 IT CTX Glut_4_8,64_L5 IT CTX Glut_4
64_L5 IT CTX Glut_4_9,subcluster,347,CS20260131_SCLU_347,#8ca252,64_L5 IT CTX Glut_4_9,64_L5 IT CTX Glut_4
64_L5 IT CTX Glut_4_10,subcluster,348,CS20260131_SCLU_348,#b5cf6b,64_L5 IT CTX Glut_4_10,64_L5 IT CTX Glut_4
64_L5 IT CTX Glut_4_11,subcluster,349,CS20260131_SCLU_349,#cedb9c,64_L5 IT CTX Glut_4_11,64_L5 IT CTX Glut_4
64_L5 IT CTX Glut_4_12,subcluster,350,CS20260131_SCLU_350,#8c6d31,64_L5 IT CTX Glut_4_12,64_L5 IT CTX Glut_4
64_L5 IT CTX Glut_4_13,subcluster,351,CS20260131_SCLU_351,#bd9e39,64_L5 IT CTX Glut_4_13,64_L5 IT CTX Glut_4
64_L5 IT CTX Glut_4_14,subcluster,352,CS20260131_SCLU_352,#e7ba52,64_L5 IT CTX Glut_4_14,64_L5 IT CTX Glut_4
64_L5 IT CTX Glut_4_15,subcluster,353,CS20260131_SCLU_353,#e7cb94,64_L5 IT CTX Glut_4_15,64_L5 IT CTX Glut_4
64_L5 IT CTX Glut_4_16,subcluster,354,CS20260131_SCLU_354,#843c39,64_L5 IT CTX Glut_4_16,64_L5 IT CTX Glut_4
64_L5 IT CTX Glut_4_17,subcluster,355,CS20260131_SCLU_355,#ad494a,64_L5 IT CTX Glut_4_17,64_L5 IT CTX Glut_4
64_L5 IT CTX Glut_4_18,subcluster,356,CS20260131_SCLU_356,#d6616b,64_L5 IT CTX Glut_4_18,64_L5 IT CTX Glut_4
64_L5 IT CTX Glut_4_19,subcluster,357,CS20260131_SCLU_357,#e7969c,64_L5 IT CTX Glut_4_19,64_L5 IT CTX Glut_4
64_L5 IT CTX Glut_4_20,subcluster,358,CS20260131_SCLU_358,#7b4173,64_L5 IT CTX Glut_4_20,64_L5 IT CTX Glut_4
64_L5 IT CTX Glut_4_21,subcluster,359,CS20260131_SCLU_359,#a55194,64_L5 IT CTX Glut_4_21,64_L5 IT CTX Glut_4
68_L4/5 IT CTX Glut_1_1,subcluster,360,CS20260131_SCLU_360,#ce6dbd,68_L4/5 IT CTX Glut_1_1,68_L4/5 IT CTX Glut_1
68_L4/5 IT CTX Glut_1_2,subcluster,361,CS20260131_SCLU_361,#de9ed6,68_L4/5 IT CTX Glut_1_2,68_L4/5 IT CTX Glut_1
68_L4/5 IT CTX Glut_1_3,subcluster,362,CS20260131_SCLU_362,#3182bd,68_L4/5 IT CTX Glut_1_3,68_L4/5 IT CTX Glut_1
68_L4/5 IT CTX Glut_1_4,subcluster,363,CS20260131_SCLU_363,#6baed6,68_L4/5 IT CTX Glut_1_4,68_L4/5 IT CTX Glut_1
68_L4/5 IT CTX Glut_1_5,subcluster,364,CS20260131_SCLU_364,#9ecae1,68_L4/5 IT CTX Glut_1_5,68_L4/5 IT CTX Glut_1
73_L4/5 IT CTX Glut_1_1,subcluster,365,CS20260131_SCLU_365,#c6dbef,73_L4/5 IT CTX Glut_1_1,73_L4/5 IT CTX Glut_1
73_L4/5 IT CTX Glut_1_2,subcluster,366,CS20260131_SCLU_366,#e6550d,73_L4/5 IT CTX Glut_1_2,73_L4/5 IT CTX Glut_1
73_L4/5 IT CTX Glut_1_3,subcluster,367,CS20260131_SCLU_367,#fd8d3c,73_L4/5 IT CTX Glut_1_3,73_L4/5 IT CTX Glut_1
73_L4/5 IT CTX Glut_1_4,subcluster,368,CS20260131_SCLU_368,#fdae6b,73_L4/5 IT CTX Glut_1_4,73_L4/5 IT CTX Glut_1
73_L4/5 IT CTX Glut_1_5,subcluster,369,CS20260131_SCLU_369,#fdd0a2,73_L4/5 IT CTX Glut_1_5,73_L4/5 IT CTX Glut_1
73_L4/5 IT CTX Glut_1_6,subcluster,370,CS20260131_SCLU_370,#31a354,73_L4/5 IT CTX Glut_1_6,73_L4/5 IT CTX Glut_1
73_L4/5 IT CTX Glut_1_7,subcluster,371,CS20260131_SCLU_371,#74c476,73_L4/5 IT CTX Glut_1_7,73_L4/5 IT CTX Glut_1
73_L4/5 IT CTX Glut_1_8,subcluster,372,CS20260131_SCLU_372,#a1d99b,73_L4/5 IT CTX Glut_1_8,73_L4/5 IT CTX Glut_1
73_L4/5 IT CTX Glut_1_9,subcluster,373,CS20260131_SCLU_373,#c7e9c0,73_L4/5 IT CTX Glut_1_9,73_L4/5 IT CTX Glut_1
73_L4/5 IT CTX Glut_1_10,subcluster,374,CS20260131_SCLU_374,#756bb1,73_L4/5 IT CTX Glut_1_10,73_L4/5 IT CTX Glut_1
73_L4/5 IT CTX Glut_1_11,subcluster,375,CS20260131_SCLU_375,#9e9ac8,73_L4/5 IT CTX Glut_1_11,73_L4/5 IT CTX Glut_1
73_L4/5 IT CTX Glut_1_12,subcluster,376,CS20260131_SCLU_376,#bcbddc,73_L4/5 IT CTX Glut_1_12,73_L4/5 IT CTX Glut_1
73_L4/5 IT CTX Glut_1_13,subcluster,377,CS20260131_SCLU_377,#dadaeb,73_L4/5 IT CTX Glut_1_13,73_L4/5 IT CTX Glut_1
73_L4/5 IT CTX Glut_1_14,subcluster,378,CS20260131_SCLU_378,#636363,73_L4/5 IT CTX Glut_1_14,73_L4/5 IT CTX Glut_1
73_L4/5 IT CTX Glut_1_15,subcluster,379,CS20260131_SCLU_379,#969696,73_L4/5 IT CTX Glut_1_15,73_L4/5 IT CTX Glut_1
73_L4/5 IT CTX Glut_1_16,subcluster,380,CS20260131_SCLU_380,#bdbdbd,73_L4/5 IT CTX Glut_1_16,73_L4/5 IT CTX Glut_1
82_L4/5 IT CTX Glut_2_1,subcluster,381,CS20260131_SCLU_381,#d9d9d9,82_L4/5 IT CTX Glut_2_1,82_L4/5 IT CTX Glut_2
82_L4/5 IT CTX Glut_2_2,subcluster,382,CS20260131_SCLU_382,#393b79,82_L4/5 IT CTX Glut_2_2,82_L4/5 IT CTX Glut_2
100_L4/5 IT CTX Glut_6_1,subcluster,383,CS20260131_SCLU_383,#5254a3,100_L4/5 IT CTX Glut_6_1,100_L4/5 IT CTX Glut_6
100_L4/5 IT CTX Glut_6_2,subcluster,384,CS20260131_SCLU_384,#6b6ecf,100_L4/5 IT CTX Glut_6_2,100_L4/5 IT CTX Glut_6
100_L4/5 IT CTX Glut_6_3,subcluster,385,CS20260131_SCLU_385,#9c9ede,100_L4/5 IT CTX Glut_6_3,100_L4/5 IT CTX Glut_6
100_L4/5 IT CTX Glut_6_4,subcluster,386,CS20260131_SCLU_386,#637939,100_L4/5 IT CTX Glut_6_4,100_L4/5 IT CTX Glut_6
100_L4/5 IT CTX Glut_6_5,subcluster,387,CS20260131_SCLU_387,#8ca252,100_L4/5 IT CTX Glut_6_5,100_L4/5 IT CTX Glut_6
100_L4/5 IT CTX Glut_6_6,subcluster,388,CS20260131_SCLU_388,#b5cf6b,100_L4/5 IT CTX Glut_6_6,100_L4/5 IT CTX Glut_6
100_L4/5 IT CTX Glut_6_7,subcluster,389,CS20260131_SCLU_389,#cedb9c,100_L4/5 IT CTX Glut_6_7,100_L4/5 IT CTX Glut_6
100_L4/5 IT CTX Glut_6_8,subcluster,390,CS20260131_SCLU_390,#8c6d31,100_L4/5 IT CTX Glut_6_8,100_L4/5 IT CTX Glut_6
100_L4/5 IT CTX Glut_6_9,subcluster,391,CS20260131_SCLU_391,#bd9e39,100_L4/5 IT CTX Glut_6_9,100_L4/5 IT CTX Glut_6
100_L4/5 IT CTX Glut_6_10,subcluster,392,CS20260131_SCLU_392,#e7ba52,100_L4/5 IT CTX Glut_6_10,100_L4/5 IT CTX Glut_6
100_L4/5 IT CTX Glut_6_11,subcluster,393,CS20260131_SCLU_393,#e7cb94,100_L4/5 IT CTX Glut_6_11,100_L4/5 IT CTX Glut_6
100_L4/5 IT CTX Glut_6_12,subcluster,394,CS20260131_SCLU_394,#843c39,100_L4/5 IT CTX Glut_6_12,100_L4/5 IT CTX Glut_6
100_L4/5 IT CTX Glut_6_13,subcluster,395,CS20260131_SCLU_395,#ad494a,100_L4/5 IT CTX Glut_6_13,100_L4/5 IT CTX Glut_6
100_L4/5 IT CTX Glut_6_14,subcluster,396,CS20260131_SCLU_396,#d6616b,100_L4/5 IT CTX Glut_6_14,100_L4/5 IT CTX Glut_6
100_L4/5 IT CTX Glut_6_15,subcluster,397,CS20260131_SCLU_397,#e7969c,100_L4/5 IT CTX Glut_6_15,100_L4/5 IT CTX Glut_6
100_L4/5 IT CTX Glut_6_16,subcluster,398,CS20260131_SCLU_398,#7b4173,100_L4/5 IT CTX Glut_6_16,100_L4/5 IT CTX Glut_6
100_L4/5 IT CTX Glut_6_17,subcluster,399,CS20260131_SCLU_399,#a55194,100_L4/5 IT CTX Glut_6_17,100_L4/5 IT CTX Glut_6
100_L4/5 IT CTX Glut_6_18,subcluster,400,CS20260131_SCLU_400,#ce6dbd,100_L4/5 IT CTX Glut_6_18,100_L4/5 IT CTX Glut_6
100_L4/5 IT CTX Glut_6_19,subcluster,401,CS20260131_SCLU_401,#de9ed6,100_L4/5 IT CTX Glut_6_19,100_L4/5 IT CTX Glut_6
100_L4/5 IT CTX Glut_6_20,subcluster,402,CS20260131_SCLU_402,#3182bd,100_L4/5 IT CTX Glut_6_20,100_L4/5 IT CTX Glut_6
100_L4/5 IT CTX Glut_6_21,subcluster,403,CS20260131_SCLU_403,#6baed6,100_L4/5 IT CTX Glut_6_21,100_L4/5 IT CTX Glut_6
100_L4/5 IT CTX Glut_6_22,subcluster,404,CS20260131_SCLU_404,#9ecae1,100_L4/5 IT CTX Glut_6_22,100_L4/5 IT CTX Glut_6
100_L4/5 IT CTX Glut_6_23,subcluster,405,CS20260131_SCLU_405,#c6dbef,100_L4/5 IT CTX Glut_6_23,100_L4/5 IT CTX Glut_6
100_L4/5 IT CTX Glut_6_24,subcluster,406,CS20260131_SCLU_406,#e6550d,100_L4/5 IT CTX Glut_6_24,100_L4/5 IT CTX Glut_6
100_L4/5 IT CTX Glut_6_25,subcluster,407,CS20260131_SCLU_407,#fd8d3c,100_L4/5 IT CTX Glut_6_25,100_L4/5 IT CTX Glut_6
100_L4/5 IT CTX Glut_6_26,subcluster,408,CS20260131_SCLU_408,#fdae6b,100_L4/5 IT CTX Glut_6_26,100_L4/5 IT CTX Glut_6
101_L4/5 IT CTX Glut_6_1,subcluster,409,CS20260131_SCLU_409,#fdd0a2,101_L4/5 IT CTX Glut_6_1,101_L4/5 IT CTX Glut_6
101_L4/5 IT CTX Glut_6_2,subcluster,410,CS20260131_SCLU_410,#31a354,101_L4/5 IT CTX Glut_6_2,101_L4/5 IT CTX Glut_6
101_L4/5 IT CTX Glut_6_3,subcluster,411,CS20260131_SCLU_411,#74c476,101_L4/5 IT CTX Glut_6_3,101_L4/5 IT CTX Glut_6
101_L4/5 IT CTX Glut_6_4,subcluster,412,CS20260131_SCLU_412,#a1d99b,101_L4/5 IT CTX Glut_6_4,101_L4/5 IT CTX Glut_6
101_L4/5 IT CTX Glut_6_5,subcluster,413,CS20260131_SCLU_413,#c7e9c0,101_L4/5 IT CTX Glut_6_5,101_L4/5 IT CTX Glut_6
109_L2/3 IT CTX Glut_2_1,subcluster,414,CS20260131_SCLU_414,#756bb1,109_L2/3 IT CTX Glut_2_1,109_L2/3 IT CTX Glut_2
109_L2/3 IT CTX Glut_2_2,subcluster,415,CS20260131_SCLU_415,#9e9ac8,109_L2/3 IT CTX Glut_2_2,109_L2/3 IT CTX Glut_2
109_L2/3 IT CTX Glut_2_3,subcluster,416,CS20260131_SCLU_416,#bcbddc,109_L2/3 IT CTX Glut_2_3,109_L2/3 IT CTX Glut_2
109_L2/3 IT CTX Glut_2_4,subcluster,417,CS20260131_SCLU_417,#dadaeb,109_L2/3 IT CTX Glut_2_4,109_L2/3 IT CTX Glut_2
110_L2/3 IT CTX Glut_2_1,subcluster,418,CS20260131_SCLU_418,#636363,110_L2/3 IT CTX Glut_2_1,110_L2/3 IT CTX Glut_2
110_L2/3 IT CTX Glut_2_2,subcluster,419,CS20260131_SCLU_419,#969696,110_L2/3 IT CTX Glut_2_2,110_L2/3 IT CTX Glut_2
110_L2/3 IT CTX Glut_2_3,subcluster,420,CS20260131_SCLU_420,#bdbdbd,110_L2/3 IT CTX Glut_2_3,110_L2/3 IT CTX Glut_2
110_L2/3 IT CTX Glut_2_4,subcluster,421,CS20260131_SCLU_421,#d9d9d9,110_L2/3 IT CTX Glut_2_4,110_L2/3 IT CTX Glut_2
110_L2/3 IT CTX Glut_2_5,subcluster,422,CS20260131_SCLU_422,#393b79,110_L2/3 IT CTX Glut_2_5,110_L2/3 IT CTX Glut_2
110_L2/3 IT CTX Glut_2_6,subcluster,423,CS20260131_SCLU_423,#5254a3,110_L2/3 IT CTX Glut_2_6,110_L2/3 IT CTX Glut_2
110_L2/3 IT CTX Glut_2_7,subcluster,424,CS20260131_SCLU_424,#6b6ecf,110_L2/3 IT CTX Glut_2_7,110_L2/3 IT CTX Glut_2
110_L2/3 IT CTX Glut_2_8,subcluster,425,CS20260131_SCLU_425,#9c9ede,110_L2/3 IT CTX Glut_2_8,110_L2/3 IT CTX Glut_2
110_L2/3 IT CTX Glut_2_9,subcluster,426,CS20260131_SCLU_426,#637939,110_L2/3 IT CTX Glut_2_9,110_L2/3 IT CTX Glut_2
110_L2/3 IT CTX Glut_2_10,subcluster,427,CS20260131_SCLU_427,#8ca252,110_L2/3 IT CTX Glut_2_10,110_L2/3 IT CTX Glut_2
110_L2/3 IT CTX Glut_2_11,subcluster,428,CS20260131_SCLU_428,#b5cf6b,110_L2/3 IT CTX Glut_2_11,110_L2/3 IT CTX Glut_2
110_L2/3 IT CTX Glut_2_12,subcluster,429,CS20260131_SCLU_429,#cedb9c,110_L2/3 IT CTX Glut_2_12,110_L2/3 IT CTX Glut_2
110_L2/3 IT CTX Glut_2_13,subcluster,430,CS20260131_SCLU_430,#8c6d31,110_L2/3 IT CTX Glut_2_13,110_L2/3 IT CTX Glut_2
110_L2/3 IT CTX Glut_2_14,subcluster,431,CS20260131_SCLU_431,#bd9e39,110_L2/3 IT CTX Glut_2_14,110_L2/3 IT CTX Glut_2
110_L2/3 IT CTX Glut_2_15,subcluster,432,CS20260131_SCLU_432,#e7ba52,110_L2/3 IT CTX Glut_2_15,110_L2/3 IT CTX Glut_2
110_L2/3 IT CTX Glut_2_16,subcluster,433,CS20260131_SCLU_433,#e7cb94,110_L2/3 IT CTX Glut_2_16,110_L2/3 IT CTX Glut_2
110_L2/3 IT CTX Glut_2_17,subcluster,434,CS20260131_SCLU_434,#843c39,110_L2/3 IT CTX Glut_2_17,110_L2/3 IT CTX Glut_2
110_L2/3 IT CTX Glut_2_18,subcluster,435,CS20260131_SCLU_435,#ad494a,110_L2/3 IT CTX Glut_2_18,110_L2/3 IT CTX Glut_2
110_L2/3 IT CTX Glut_2_19,subcluster,436,CS20260131_SCLU_436,#d6616b,110_L2/3 IT CTX Glut_2_19,110_L2/3 IT CTX Glut_2
110_L2/3 IT CTX Glut_2_20,subcluster,437,CS20260131_SCLU_437,#e7969c,110_L2/3 IT CTX Glut_2_20,110_L2/3 IT CTX Glut_2
110_L2/3 IT CTX Glut_2_21,subcluster,438,CS20260131_SCLU_438,#7b4173,110_L2/3 IT CTX Glut_2_21,110_L2/3 IT CTX Glut_2
111_L2/3 IT CTX Glut_2_1,subcluster,439,CS20260131_SCLU_439,#a55194,111_L2/3 IT CTX Glut_2_1,111_L2/3 IT CTX Glut_2
111_L2/3 IT CTX Glut_2_2,subcluster,440,CS20260131_SCLU_440,#ce6dbd,111_L2/3 IT CTX Glut_2_2,111_L2/3 IT CTX Glut_2
111_L2/3 IT CTX Glut_2_3,subcluster,441,CS20260131_SCLU_441,#de9ed6,111_L2/3 IT CTX Glut_2_3,111_L2/3 IT CTX Glut_2
111_L2/3 IT CTX Glut_2_4,subcluster,442,CS20260131_SCLU_442,#3182bd,111_L2/3 IT CTX Glut_2_4,111_L2/3 IT CTX Glut_2
111_L2/3 IT CTX Glut_2_5,subcluster,443,CS20260131_SCLU_443,#6baed6,111_L2/3 IT CTX Glut_2_5,111_L2/3 IT CTX Glut_2
111_L2/3 IT CTX Glut_2_6,subcluster,444,CS20260131_SCLU_444,#9ecae1,111_L2/3 IT CTX Glut_2_6,111_L2/3 IT CTX Glut_2
111_L2/3 IT CTX Glut_2_7,subcluster,445,CS20260131_SCLU_445,#c6dbef,111_L2/3 IT CTX Glut_2_7,111_L2/3 IT CTX Glut_2
111_L2/3 IT CTX Glut_2_8,subcluster,446,CS20260131_SCLU_446,#e6550d,111_L2/3 IT CTX Glut_2_8,111_L2/3 IT CTX Glut_2
111_L2/3 IT CTX Glut_2_9,subcluster,447,CS20260131_SCLU_447,#fd8d3c,111_L2/3 IT CTX Glut_2_9,111_L2/3 IT CTX Glut_2
111_L2/3 IT CTX Glut_2_10,subcluster,448,CS20260131_SCLU_448,#fdae6b,111_L2/3 IT CTX Glut_2_10,111_L2/3 IT CTX Glut_2
111_L2/3 IT CTX Glut_2_11,subcluster,449,CS20260131_SCLU_449,#fdd0a2,111_L2/3 IT CTX Glut_2_11,111_L2/3 IT CTX Glut_2
116_L2/3 IT CTX Glut_3_1,subcluster,450,CS20260131_SCLU_450,#31a354,116_L2/3 IT CTX Glut_3_1,116_L2/3 IT CTX Glut_3
116_L2/3 IT CTX Glut_3_2,subcluster,451,CS20260131_SCLU_451,#74c476,116_L2/3 IT CTX Glut_3_2,116_L2/3 IT CTX Glut_3
118_L2/3 IT CTX Glut_4_1,subcluster,452,CS20260131_SCLU_452,#a1d99b,118_L2/3 IT CTX Glut_4_1,118_L2/3 IT CTX Glut_4
118_L2/3 IT CTX Glut_4_2,subcluster,453,CS20260131_SCLU_453,#c7e9c0,118_L2/3 IT CTX Glut_4_2,118_L2/3 IT CTX Glut_4
Glioblast_1,subcluster,454,CS20260131_SCLU_454,#9ecae1,Glioblast_1,Glioblast
Glioblast_2,subcluster,455,CS20260131_SCLU_455,#c6dbef,Glioblast_2,Glioblast
Glioblast_3,subcluster,456,CS20260131_SCLU_456,#e6550d,Glioblast_3,Glioblast
Glioblast_4,subcluster,457,CS20260131_SCLU_457,#fd8d3c,Glioblast_4,Glioblast
Glioblast_5,subcluster,458,CS20260131_SCLU_458,#fdae6b,Glioblast_5,Glioblast
Glioblast_6,subcluster,459,CS20260131_SCLU_459,#fdd0a2,Glioblast_6,Glioblast
Glioblast_7,subcluster,460,CS20260131_SCLU_460,#31a354,Glioblast_7,Glioblast
Glioblast SVZ_1,subcluster,461,CS20260131_SCLU_461,#e7ba52,Glioblast SVZ_1,Glioblast SVZ
Glioblast SVZ_2,subcluster,462,CS20260131_SCLU_462,#e7cb94,Glioblast SVZ_2,Glioblast SVZ
Glioblast SVZ_3,subcluster,463,CS20260131_SCLU_463,#843c39,Glioblast SVZ_3,Glioblast SVZ
Glioblast SVZ_4,subcluster,464,CS20260131_SCLU_464,#ad494a,Glioblast SVZ_4,Glioblast SVZ
Glioblast SVZ_5,subcluster,465,CS20260131_SCLU_465,#d6616b,Glioblast SVZ_5,Glioblast SVZ
Glioblast SVZ_6,subcluster,466,CS20260131_SCLU_466,#e7969c,Glioblast SVZ_6,Glioblast SVZ
Glioblast SVZ_7,subcluster,467,CS20260131_SCLU_467,#7b4173,Glioblast SVZ_7,Glioblast SVZ
Glioblast SVZ_8,subcluster,468,CS20260131_SCLU_468,#a55194,Glioblast SVZ_8,Glioblast SVZ
Glioblast SVZ_9,subcluster,469,CS20260131_SCLU_469,#ce6dbd,Glioblast SVZ_9,Glioblast SVZ
Glioblast SVZ_10,subcluster,470,CS20260131_SCLU_470,#de9ed6,Glioblast SVZ_10,Glioblast SVZ
Glioblast SVZ_11,subcluster,471,CS20260131_SCLU_471,#3182bd,Glioblast SVZ_11,Glioblast SVZ
Glioblast SVZ_12,subcluster,472,CS20260131_SCLU_472,#6baed6,Glioblast SVZ_12,Glioblast SVZ
Glioblast Astro_1,subcluster,473,CS20260131_SCLU_473,#cedb9c,Glioblast Astro_1,Glioblast Astro
Glioblast Astro_2,subcluster,474,CS20260131_SCLU_474,#8c6d31,Glioblast Astro_2,Glioblast Astro
Glioblast OPC_1,subcluster,475,CS20260131_SCLU_475,#bd9e39,Glioblast OPC_1,Glioblast OPC
5218_Astro-TE NN_1_1,subcluster,476,CS20260131_SCLU_476,#e6550d,5218_Astro-TE NN_1_1,5218_Astro-TE NN_1
5218_Astro-TE NN_1_2,subcluster,477,CS20260131_SCLU_477,#fd8d3c,5218_Astro-TE NN_1_2,5218_Astro-TE NN_1
5219_Astro-TE NN_1_1,subcluster,478,CS20260131_SCLU_478,#fdae6b,5219_Astro-TE NN_1_1,5219_Astro-TE NN_1
5220_Astro-TE NN_1_1,subcluster,479,CS20260131_SCLU_479,#fdd0a2,5220_Astro-TE NN_1_1,5220_Astro-TE NN_1
5225_Astro-TE NN_3_1,subcluster,480,CS20260131_SCLU_480,#31a354,5225_Astro-TE NN_3_1,5225_Astro-TE NN_3
5225_Astro-TE NN_3_2,subcluster,481,CS20260131_SCLU_481,#74c476,5225_Astro-TE NN_3_2,5225_Astro-TE NN_3
5225_Astro-TE NN_3_3,subcluster,482,CS20260131_SCLU_482,#a1d99b,5225_Astro-TE NN_3_3,5225_Astro-TE NN_3
5225_Astro-TE NN_3_4,subcluster,483,CS20260131_SCLU_483,#c7e9c0,5225_Astro-TE NN_3_4,5225_Astro-TE NN_3
5225_Astro-TE NN_3_5,subcluster,484,CS20260131_SCLU_484,#756bb1,5225_Astro-TE NN_3_5,5225_Astro-TE NN_3
5225_Astro-TE NN_3_6,subcluster,485,CS20260131_SCLU_485,#9e9ac8,5225_Astro-TE NN_3_6,5225_Astro-TE NN_3
5225_Astro-TE NN_3_7,subcluster,486,CS20260131_SCLU_486,#bcbddc,5225_Astro-TE NN_3_7,5225_Astro-TE NN_3
5225_Astro-TE NN_3_8,subcluster,487,CS20260131_SCLU_487,#dadaeb,5225_Astro-TE NN_3_8,5225_Astro-TE NN_3
5225_Astro-TE NN_3_9,subcluster,488,CS20260131_SCLU_488,#636363,5225_Astro-TE NN_3_9,5225_Astro-TE NN_3
5225_Astro-TE NN_3_10,subcluster,489,CS20260131_SCLU_489,#969696,5225_Astro-TE NN_3_10,5225_Astro-TE NN_3
5225_Astro-TE NN_3_11,subcluster,490,CS20260131_SCLU_490,#bdbdbd,5225_Astro-TE NN_3_11,5225_Astro-TE NN_3
5225_Astro-TE NN_3_12,subcluster,491,CS20260131_SCLU_491,#d9d9d9,5225_Astro-TE NN_3_12,5225_Astro-TE NN_3
5225_Astro-TE NN_3_13,subcluster,492,CS20260131_SCLU_492,#393b79,5225_Astro-TE NN_3_13,5225_Astro-TE NN_3
5225_Astro-TE NN_3_14,subcluster,493,CS20260131_SCLU_493,#5254a3,5225_Astro-TE NN_3_14,5225_Astro-TE NN_3
5225_Astro-TE NN_3_15,subcluster,494,CS20260131_SCLU_494,#6b6ecf,5225_Astro-TE NN_3_15,5225_Astro-TE NN_3
5225_Astro-TE NN_3_16,subcluster,495,CS20260131_SCLU_495,#9c9ede,5225_Astro-TE NN_3_16,5225_Astro-TE NN_3
5225_Astro-TE NN_3_17,subcluster,496,CS20260131_SCLU_496,#637939,5225_Astro-TE NN_3_17,5225_Astro-TE NN_3
5225_Astro-TE NN_3_18,subcluster,497,CS20260131_SCLU_497,#8ca252,5225_Astro-TE NN_3_18,5225_Astro-TE NN_3
5225_Astro-TE NN_3_19,subcluster,498,CS20260131_SCLU_498,#b5cf6b,5225_Astro-TE NN_3_19,5225_Astro-TE NN_3
5225_Astro-TE NN_3_20,subcluster,499,CS20260131_SCLU_499,#cedb9c,5225_Astro-TE NN_3_20,5225_Astro-TE NN_3
5228_Astro-TE NN_4_1,subcluster,500,CS20260131_SCLU_500,#8c6d31,5228_Astro-TE NN_4_1,5228_Astro-TE NN_4
5266_OPC NN_1_1,subcluster,501,CS20260131_SCLU_501,#bd9e39,5266_OPC NN_1_1,5266_OPC NN_1
5268_OPC NN_1_1,subcluster,502,CS20260131_SCLU_502,#e7ba52,5268_OPC NN_1_1,5268_OPC NN_1
5269_OPC NN_1_1,subcluster,503,CS20260131_SCLU_503,#e7cb94,5269_OPC NN_1_1,5269_OPC NN_1
5269_OPC NN_1_2,subcluster,504,CS20260131_SCLU_504,#843c39,5269_OPC NN_1_2,5269_OPC NN_1
5269_OPC NN_1_3,subcluster,505,CS20260131_SCLU_505,#ad494a,5269_OPC NN_1_3,5269_OPC NN_1
5269_OPC NN_1_4,subcluster,506,CS20260131_SCLU_506,#d6616b,5269_OPC NN_1_4,5269_OPC NN_1
5269_OPC NN_1_5,subcluster,507,CS20260131_SCLU_507,#e7969c,5269_OPC NN_1_5,5269_OPC NN_1
5269_OPC NN_1_6,subcluster,508,CS20260131_SCLU_508,#7b4173,5269_OPC NN_1_6,5269_OPC NN_1
5269_OPC NN_1_7,subcluster,509,CS20260131_SCLU_509,#a55194,5269_OPC NN_1_7,5269_OPC NN_1
5269_OPC NN_1_8,subcluster,510,CS20260131_SCLU_510,#ce6dbd,5269_OPC NN_1_8,5269_OPC NN_1
5269_OPC NN_1_9,subcluster,511,CS20260131_SCLU_511,#de9ed6,5269_OPC NN_1_9,5269_OPC NN_1
5269_OPC NN_1_10,subcluster,512,CS20260131_SCLU_512,#3182bd,5269_OPC NN_1_10,5269_OPC NN_1
5269_OPC NN_1_11,subcluster,513,CS20260131_SCLU_513,#6baed6,5269_OPC NN_1_11,5269_OPC NN_1
5271_OPC NN_2_1,subcluster,514,CS20260131_SCLU_514,#9ecae1,5271_OPC NN_2_1,5271_OPC NN_2
5271_OPC NN_2_2,subcluster,515,CS20260131_SCLU_515,#c6dbef,5271_OPC NN_2_2,5271_OPC NN_2
5272_COP NN_1_1,subcluster,516,CS20260131_SCLU_516,#e6550d,5272_COP NN_1_1,5272_COP NN_1
5273_COP NN_1_1,subcluster,517,CS20260131_SCLU_517,#fd8d3c,5273_COP NN_1_1,5273_COP NN_1
5273_COP NN_1_2,subcluster,518,CS20260131_SCLU_518,#fdae6b,5273_COP NN_1_2,5273_COP NN_1
5275_COP NN_1_1,subcluster,519,CS20260131_SCLU_519,#fdd0a2,5275_COP NN_1_1,5275_COP NN_1
5275_COP NN_1_2,subcluster,520,CS20260131_SCLU_520,#31a354,5275_COP NN_1_2,5275_COP NN_1
5275_COP NN_1_3,subcluster,521,CS20260131_SCLU_521,#74c476,5275_COP NN_1_3,5275_COP NN_1
5279_NFOL NN_2_1,subcluster,522,CS20260131_SCLU_522,#a1d99b,5279_NFOL NN_2_1,5279_NFOL NN_2
5280_NFOL NN_2_1,subcluster,523,CS20260131_SCLU_523,#c7e9c0,5280_NFOL NN_2_1,5280_NFOL NN_2
5281_NFOL NN_2_1,subcluster,524,CS20260131_SCLU_524,#756bb1,5281_NFOL NN_2_1,5281_NFOL NN_2
5283_MFOL NN_3_1,subcluster,525,CS20260131_SCLU_525,#9e9ac8,5283_MFOL NN_3_1,5283_MFOL NN_3
5284_MOL NN_4_1,subcluster,526,CS20260131_SCLU_526,#bcbddc,5284_MOL NN_4_1,5284_MOL NN_4
5284_MOL NN_4_2,subcluster,527,CS20260131_SCLU_527,#dadaeb,5284_MOL NN_4_2,5284_MOL NN_4
5285_MOL NN_4_1,subcluster,528,CS20260131_SCLU_528,#636363,5285_MOL NN_4_1,5285_MOL NN_4
5286_MOL NN_4_1,subcluster,529,CS20260131_SCLU_529,#969696,5286_MOL NN_4_1,5286_MOL NN_4
5288_MOL NN_4_1,subcluster,530,CS20260131_SCLU_530,#bdbdbd,5288_MOL NN_4_1,5288_MOL NN_4
5288_MOL NN_4_2,subcluster,531,CS20260131_SCLU_531,#d9d9d9,5288_MOL NN_4_2,5288_MOL NN_4
5288_MOL NN_4_3,subcluster,532,CS20260131_SCLU_532,#393b79,5288_MOL NN_4_3,5288_MOL NN_4
5288_MOL NN_4_4,subcluster,533,CS20260131_SCLU_533,#5254a3,5288_MOL NN_4_4,5288_MOL NN_4
5288_MOL NN_4_5,subcluster,534,CS20260131_SCLU_534,#6b6ecf,5288_MOL NN_4_5,5288_MOL NN_4
5288_MOL NN_4_6,subcluster,535,CS20260131_SCLU_535,#9c9ede,5288_MOL NN_4_6,5288_MOL NN_4
5288_MOL NN_4_7,subcluster,536,CS20260131_SCLU_536,#637939,5288_MOL NN_4_7,5288_MOL NN_4
5288_MOL NN_4_8,subcluster,537,CS20260131_SCLU_537,#8ca252,5288_MOL NN_4_8,5288_MOL NN_4
CGE GABA_1,subcluster,538,CS20260131_SCLU_538,#d9d9d9,CGE GABA_1,CGE GABA
CGE GABA_2,subcluster,539,CS20260131_SCLU_539,#393b79,CGE GABA_2,CGE GABA
CGE GABA_3,subcluster,540,CS20260131_SCLU_540,#5254a3,CGE GABA_3,CGE GABA
623_Vip Gaba_1_1,subcluster,541,CS20260131_SCLU_541,#843c39,623_Vip Gaba_1_1,623_Vip Gaba_1
624_Vip Gaba_1_1,subcluster,542,CS20260131_SCLU_542,#ad494a,624_Vip Gaba_1_1,624_Vip Gaba_1
624_Vip Gaba_1_2,subcluster,543,CS20260131_SCLU_543,#d6616b,624_Vip Gaba_1_2,624_Vip Gaba_1
624_Vip Gaba_1_3,subcluster,544,CS20260131_SCLU_544,#e7969c,624_Vip Gaba_1_3,624_Vip Gaba_1
627_Vip Gaba_2_1,subcluster,545,CS20260131_SCLU_545,#7b4173,627_Vip Gaba_2_1,627_Vip Gaba_2
627_Vip Gaba_2_2,subcluster,546,CS20260131_SCLU_546,#a55194,627_Vip Gaba_2_2,627_Vip Gaba_2
629_Vip Gaba_2_1,subcluster,547,CS20260131_SCLU_547,#ce6dbd,629_Vip Gaba_2_1,629_Vip Gaba_2
633_Vip Gaba_3_1,subcluster,548,CS20260131_SCLU_548,#de9ed6,633_Vip Gaba_3_1,633_Vip Gaba_3
638_Vip Gaba_4_1,subcluster,549,CS20260131_SCLU_549,#3182bd,638_Vip Gaba_4_1,638_Vip Gaba_4
639_Vip Gaba_4_1,subcluster,550,CS20260131_SCLU_550,#6baed6,639_Vip Gaba_4_1,639_Vip Gaba_4
639_Vip Gaba_4_2,subcluster,551,CS20260131_SCLU_551,#9ecae1,639_Vip Gaba_4_2,639_Vip Gaba_4
639_Vip Gaba_4_3,subcluster,552,CS20260131_SCLU_552,#c6dbef,639_Vip Gaba_4_3,639_Vip Gaba_4
640_Vip Gaba_5_1,subcluster,553,CS20260131_SCLU_553,#e6550d,640_Vip Gaba_5_1,640_Vip Gaba_5
641_Vip Gaba_5_1,subcluster,554,CS20260131_SCLU_554,#fd8d3c,641_Vip Gaba_5_1,641_Vip Gaba_5
641_Vip Gaba_5_2,subcluster,555,CS20260131_SCLU_555,#fdae6b,641_Vip Gaba_5_2,641_Vip Gaba_5
641_Vip Gaba_5_3,subcluster,556,CS20260131_SCLU_556,#fdd0a2,641_Vip Gaba_5_3,641_Vip Gaba_5
641_Vip Gaba_5_4,subcluster,557,CS20260131_SCLU_557,#31a354,641_Vip Gaba_5_4,641_Vip Gaba_5
641_Vip Gaba_5_5,subcluster,558,CS20260131_SCLU_558,#74c476,641_Vip Gaba_5_5,641_Vip Gaba_5
643_Vip Gaba_5_1,subcluster,559,CS20260131_SCLU_559,#a1d99b,643_Vip Gaba_5_1,643_Vip Gaba_5
645_Vip Gaba_6_1,subcluster,560,CS20260131_SCLU_560,#c7e9c0,645_Vip Gaba_6_1,645_Vip Gaba_6
645_Vip Gaba_6_2,subcluster,561,CS20260131_SCLU_561,#756bb1,645_Vip Gaba_6_2,645_Vip Gaba_6
645_Vip Gaba_6_3,subcluster,562,CS20260131_SCLU_562,#9e9ac8,645_Vip Gaba_6_3,645_Vip Gaba_6
646_Vip Gaba_6_1,subcluster,563,CS20260131_SCLU_563,#bcbddc,646_Vip Gaba_6_1,646_Vip Gaba_6
648_Vip Gaba_6_1,subcluster,564,CS20260131_SCLU_564,#dadaeb,648_Vip Gaba_6_1,648_Vip Gaba_6
660_Vip Gaba_11_1,subcluster,565,CS20260131_SCLU_565,#636363,660_Vip Gaba_11_1,660_Vip Gaba_11
661_Vip Gaba_11_1,subcluster,566,CS20260131_SCLU_566,#969696,661_Vip Gaba_11_1,661_Vip Gaba_11
662_Vip Gaba_12_1,subcluster,567,CS20260131_SCLU_567,#bdbdbd,662_Vip Gaba_12_1,662_Vip Gaba_12
663_Vip Gaba_12_1,subcluster,568,CS20260131_SCLU_568,#d9d9d9,663_Vip Gaba_12_1,663_Vip Gaba_12
673_Sncg Gaba_3_1,subcluster,569,CS20260131_SCLU_569,#393b79,673_Sncg Gaba_3_1,673_Sncg Gaba_3
676_Sncg Gaba_3_1,subcluster,570,CS20260131_SCLU_570,#5254a3,676_Sncg Gaba_3_1,676_Sncg Gaba_3
676_Sncg Gaba_3_2,subcluster,571,CS20260131_SCLU_571,#6b6ecf,676_Sncg Gaba_3_2,676_Sncg Gaba_3
676_Sncg Gaba_3_3,subcluster,572,CS20260131_SCLU_572,#9c9ede,676_Sncg Gaba_3_3,676_Sncg Gaba_3
676_Sncg Gaba_3_4,subcluster,573,CS20260131_SCLU_573,#637939,676_Sncg Gaba_3_4,676_Sncg Gaba_3
682_Sncg Gaba_6_1,subcluster,574,CS20260131_SCLU_574,#8ca252,682_Sncg Gaba_6_1,682_Sncg Gaba_6
706_Lamp5 Gaba_1_1,subcluster,575,CS20260131_SCLU_575,#b5cf6b,706_Lamp5 Gaba_1_1,706_Lamp5 Gaba_1
708_Lamp5 Gaba_1_1,subcluster,576,CS20260131_SCLU_576,#cedb9c,708_Lamp5 Gaba_1_1,708_Lamp5 Gaba_1
708_Lamp5 Gaba_1_2,subcluster,577,CS20260131_SCLU_577,#8c6d31,708_Lamp5 Gaba_1_2,708_Lamp5 Gaba_1
709_Lamp5 Gaba_1_1,subcluster,578,CS20260131_SCLU_578,#bd9e39,709_Lamp5 Gaba_1_1,709_Lamp5 Gaba_1
709_Lamp5 Gaba_1_2,subcluster,579,CS20260131_SCLU_579,#e7ba52,709_Lamp5 Gaba_1_2,709_Lamp5 Gaba_1
709_Lamp5 Gaba_1_3,subcluster,580,CS20260131_SCLU_580,#e7cb94,709_Lamp5 Gaba_1_3,709_Lamp5 Gaba_1
709_Lamp5 Gaba_1_4,subcluster,581,CS20260131_SCLU_581,#843c39,709_Lamp5 Gaba_1_4,709_Lamp5 Gaba_1
709_Lamp5 Gaba_1_5,subcluster,582,CS20260131_SCLU_582,#ad494a,709_Lamp5 Gaba_1_5,709_Lamp5 Gaba_1
716_Lamp5 Gaba_2_1,subcluster,583,CS20260131_SCLU_583,#d6616b,716_Lamp5 Gaba_2_1,716_Lamp5 Gaba_2
717_Lamp5 Gaba_2_1,subcluster,584,CS20260131_SCLU_584,#e7969c,717_Lamp5 Gaba_2_1,717_Lamp5 Gaba_2
718_Lamp5 Gaba_2_1,subcluster,585,CS20260131_SCLU_585,#7b4173,718_Lamp5 Gaba_2_1,718_Lamp5 Gaba_2
719_Lamp5 Gaba_3_1,subcluster,586,CS20260131_SCLU_586,#a55194,719_Lamp5 Gaba_3_1,719_Lamp5 Gaba_3
719_Lamp5 Gaba_3_2,subcluster,587,CS20260131_SCLU_587,#ce6dbd,719_Lamp5 Gaba_3_2,719_Lamp5 Gaba_3
720_Lamp5 Gaba_3_1,subcluster,588,CS20260131_SCLU_588,#de9ed6,720_Lamp5 Gaba_3_1,720_Lamp5 Gaba_3
722_Lamp5 Gaba_4_1,subcluster,589,CS20260131_SCLU_589,#3182bd,722_Lamp5 Gaba_4_1,722_Lamp5 Gaba_4
MGE GABA RG_1,subcluster,590,CS20260131_SCLU_590,#bd9e39,MGE GABA RG_1,MGE GABA RG
MGE GABA RG_2,subcluster,591,CS20260131_SCLU_591,#e7ba52,MGE GABA RG_2,MGE GABA RG
MGE GABA RG_3,subcluster,592,CS20260131_SCLU_592,#e7cb94,MGE GABA RG_3,MGE GABA RG
MGE GABA RG_4,subcluster,593,CS20260131_SCLU_593,#843c39,MGE GABA RG_4,MGE GABA RG
MGE GABA RG_5,subcluster,594,CS20260131_SCLU_594,#ad494a,MGE GABA RG_5,MGE GABA RG
MGE GABA RG_6,subcluster,595,CS20260131_SCLU_595,#d6616b,MGE GABA RG_6,MGE GABA RG
MGE GABA_1,subcluster,596,CS20260131_SCLU_596,#e7969c,MGE GABA_1,MGE GABA
MGE GABA_2,subcluster,597,CS20260131_SCLU_597,#7b4173,MGE GABA_2,MGE GABA
MGE GABA_3,subcluster,598,CS20260131_SCLU_598,#a55194,MGE GABA_3,MGE GABA
MGE GABA_4,subcluster,599,CS20260131_SCLU_599,#ce6dbd,MGE GABA_4,MGE GABA
MGE GABA_5,subcluster,600,CS20260131_SCLU_600,#de9ed6,MGE GABA_5,MGE GABA
724_Lamp5 Lhx6 Gaba_1_1,subcluster,601,CS20260131_SCLU_601,#6baed6,724_Lamp5 Lhx6 Gaba_1_1,724_Lamp5 Lhx6 Gaba_1
724_Lamp5 Lhx6 Gaba_1_2,subcluster,602,CS20260131_SCLU_602,#9ecae1,724_Lamp5 Lhx6 Gaba_1_2,724_Lamp5 Lhx6 Gaba_1
733_Pvalb chandelier Gaba_1_1,subcluster,603,CS20260131_SCLU_603,#c6dbef,733_Pvalb chandelier Gaba_1_1,733_Pvalb chandelier Gaba_1
733_Pvalb chandelier Gaba_1_2,subcluster,604,CS20260131_SCLU_604,#e6550d,733_Pvalb chandelier Gaba_1_2,733_Pvalb chandelier Gaba_1
733_Pvalb chandelier Gaba_1_3,subcluster,605,CS20260131_SCLU_605,#fd8d3c,733_Pvalb chandelier Gaba_1_3,733_Pvalb chandelier Gaba_1
733_Pvalb chandelier Gaba_1_4,subcluster,606,CS20260131_SCLU_606,#fdae6b,733_Pvalb chandelier Gaba_1_4,733_Pvalb chandelier Gaba_1
735_Pvalb Gaba_1_1,subcluster,607,CS20260131_SCLU_607,#fdd0a2,735_Pvalb Gaba_1_1,735_Pvalb Gaba_1
735_Pvalb Gaba_1_2,subcluster,608,CS20260131_SCLU_608,#31a354,735_Pvalb Gaba_1_2,735_Pvalb Gaba_1
736_Pvalb Gaba_1_1,subcluster,609,CS20260131_SCLU_609,#74c476,736_Pvalb Gaba_1_1,736_Pvalb Gaba_1
741_Pvalb Gaba_3_1,subcluster,610,CS20260131_SCLU_610,#a1d99b,741_Pvalb Gaba_3_1,741_Pvalb Gaba_3
741_Pvalb Gaba_3_2,subcluster,611,CS20260131_SCLU_611,#c7e9c0,741_Pvalb Gaba_3_2,741_Pvalb Gaba_3
741_Pvalb Gaba_3_3,subcluster,612,CS20260131_SCLU_612,#756bb1,741_Pvalb Gaba_3_3,741_Pvalb Gaba_3
741_Pvalb Gaba_3_4,subcluster,613,CS20260131_SCLU_613,#9e9ac8,741_Pvalb Gaba_3_4,741_Pvalb Gaba_3
741_Pvalb Gaba_3_5,subcluster,614,CS20260131_SCLU_614,#bcbddc,741_Pvalb Gaba_3_5,741_Pvalb Gaba_3
741_Pvalb Gaba_3_6,subcluster,615,CS20260131_SCLU_615,#dadaeb,741_Pvalb Gaba_3_6,741_Pvalb Gaba_3
741_Pvalb Gaba_3_7,subcluster,616,CS20260131_SCLU_616,#636363,741_Pvalb Gaba_3_7,741_Pvalb Gaba_3
741_Pvalb Gaba_3_8,subcluster,617,CS20260131_SCLU_617,#969696,741_Pvalb Gaba_3_8,741_Pvalb Gaba_3
742_Pvalb Gaba_3_1,subcluster,618,CS20260131_SCLU_618,#bdbdbd,742_Pvalb Gaba_3_1,742_Pvalb Gaba_3
742_Pvalb Gaba_3_2,subcluster,619,CS20260131_SCLU_619,#d9d9d9,742_Pvalb Gaba_3_2,742_Pvalb Gaba_3
742_Pvalb Gaba_3_3,subcluster,620,CS20260131_SCLU_620,#393b79,742_Pvalb Gaba_3_3,742_Pvalb Gaba_3
742_Pvalb Gaba_3_4,subcluster,621,CS20260131_SCLU_621,#5254a3,742_Pvalb Gaba_3_4,742_Pvalb Gaba_3
742_Pvalb Gaba_3_5,subcluster,622,CS20260131_SCLU_622,#6b6ecf,742_Pvalb Gaba_3_5,742_Pvalb Gaba_3
742_Pvalb Gaba_3_6,subcluster,623,CS20260131_SCLU_623,#9c9ede,742_Pvalb Gaba_3_6,742_Pvalb Gaba_3
742_Pvalb Gaba_3_7,subcluster,624,CS20260131_SCLU_624,#637939,742_Pvalb Gaba_3_7,742_Pvalb Gaba_3
742_Pvalb Gaba_3_8,subcluster,625,CS20260131_SCLU_625,#8ca252,742_Pvalb Gaba_3_8,742_Pvalb Gaba_3
743_Pvalb Gaba_4_1,subcluster,626,CS20260131_SCLU_626,#b5cf6b,743_Pvalb Gaba_4_1,743_Pvalb Gaba_4
743_Pvalb Gaba_4_2,subcluster,627,CS20260131_SCLU_627,#cedb9c,743_Pvalb Gaba_4_2,743_Pvalb Gaba_4
743_Pvalb Gaba_4_3,subcluster,628,CS20260131_SCLU_628,#8c6d31,743_Pvalb Gaba_4_3,743_Pvalb Gaba_4
743_Pvalb Gaba_4_4,subcluster,629,CS20260131_SCLU_629,#bd9e39,743_Pvalb Gaba_4_4,743_Pvalb Gaba_4
743_Pvalb Gaba_4_5,subcluster,630,CS20260131_SCLU_630,#e7ba52,743_Pvalb Gaba_4_5,743_Pvalb Gaba_4
743_Pvalb Gaba_4_6,subcluster,631,CS20260131_SCLU_631,#e7cb94,743_Pvalb Gaba_4_6,743_Pvalb Gaba_4
743_Pvalb Gaba_4_7,subcluster,632,CS20260131_SCLU_632,#843c39,743_Pvalb Gaba_4_7,743_Pvalb Gaba_4
744_Pvalb Gaba_4_1,subcluster,633,CS20260131_SCLU_633,#ad494a,744_Pvalb Gaba_4_1,744_Pvalb Gaba_4
747_Pvalb Gaba_4_1,subcluster,634,CS20260131_SCLU_634,#d6616b,747_Pvalb Gaba_4_1,747_Pvalb Gaba_4
752_Pvalb Gaba_6_1,subcluster,635,CS20260131_SCLU_635,#e7969c,752_Pvalb Gaba_6_1,752_Pvalb Gaba_6
754_Pvalb Gaba_8_1,subcluster,636,CS20260131_SCLU_636,#7b4173,754_Pvalb Gaba_8_1,754_Pvalb Gaba_8
754_Pvalb Gaba_8_2,subcluster,637,CS20260131_SCLU_637,#a55194,754_Pvalb Gaba_8_2,754_Pvalb Gaba_8
754_Pvalb Gaba_8_3,subcluster,638,CS20260131_SCLU_638,#ce6dbd,754_Pvalb Gaba_8_3,754_Pvalb Gaba_8
754_Pvalb Gaba_8_4,subcluster,639,CS20260131_SCLU_639,#de9ed6,754_Pvalb Gaba_8_4,754_Pvalb Gaba_8
754_Pvalb Gaba_8_5,subcluster,640,CS20260131_SCLU_640,#3182bd,754_Pvalb Gaba_8_5,754_Pvalb Gaba_8
757_Sst Gaba_1_1,subcluster,641,CS20260131_SCLU_641,#6baed6,757_Sst Gaba_1_1,757_Sst Gaba_1
758_Sst Gaba_1_1,subcluster,642,CS20260131_SCLU_642,#9ecae1,758_Sst Gaba_1_1,758_Sst Gaba_1
758_Sst Gaba_1_2,subcluster,643,CS20260131_SCLU_643,#c6dbef,758_Sst Gaba_1_2,758_Sst Gaba_1
758_Sst Gaba_1_3,subcluster,644,CS20260131_SCLU_644,#e6550d,758_Sst Gaba_1_3,758_Sst Gaba_1
758_Sst Gaba_1_4,subcluster,645,CS20260131_SCLU_645,#fd8d3c,758_Sst Gaba_1_4,758_Sst Gaba_1
761_Sst Gaba_1_1,subcluster,646,CS20260131_SCLU_646,#fdae6b,761_Sst Gaba_1_1,761_Sst Gaba_1
777_Sst Gaba_4_1,subcluster,647,CS20260131_SCLU_647,#fdd0a2,777_Sst Gaba_4_1,777_Sst Gaba_4
779_Sst Gaba_4_1,subcluster,648,CS20260131_SCLU_648,#31a354,779_Sst Gaba_4_1,779_Sst Gaba_4
779_Sst Gaba_4_2,subcluster,649,CS20260131_SCLU_649,#74c476,779_Sst Gaba_4_2,779_Sst Gaba_4
779_Sst Gaba_4_3,subcluster,650,CS20260131_SCLU_650,#a1d99b,779_Sst Gaba_4_3,779_Sst Gaba_4
780_Sst Gaba_4_1,subcluster,651,CS20260131_SCLU_651,#c7e9c0,780_Sst Gaba_4_1,780_Sst Gaba_4
780_Sst Gaba_4_2,subcluster,652,CS20260131_SCLU_652,#756bb1,780_Sst Gaba_4_2,780_Sst Gaba_4
780_Sst Gaba_4_3,subcluster,653,CS20260131_SCLU_653,#9e9ac8,780_Sst Gaba_4_3,780_Sst Gaba_4
792_Sst Gaba_7_1,subcluster,654,CS20260131_SCLU_654,#bcbddc,792_Sst Gaba_7_1,792_Sst Gaba_7
792_Sst Gaba_7_2,subcluster,655,CS20260131_SCLU_655,#dadaeb,792_Sst Gaba_7_2,792_Sst Gaba_7
792_Sst Gaba_7_3,subcluster,656,CS20260131_SCLU_656,#636363,792_Sst Gaba_7_3,792_Sst Gaba_7
792_Sst Gaba_7_4,subcluster,657,CS20260131_SCLU_657,#969696,792_Sst Gaba_7_4,792_Sst Gaba_7
792_Sst Gaba_7_5,subcluster,658,CS20260131_SCLU_658,#bdbdbd,792_Sst Gaba_7_5,792_Sst Gaba_7
792_Sst Gaba_7_6,subcluster,659,CS20260131_SCLU_659,#d9d9d9,792_Sst Gaba_7_6,792_Sst Gaba_7
792_Sst Gaba_7_7,subcluster,660,CS20260131_SCLU_660,#393b79,792_Sst Gaba_7_7,792_Sst Gaba_7
793_Sst Gaba_7_1,subcluster,661,CS20260131_SCLU_661,#5254a3,793_Sst Gaba_7_1,793_Sst Gaba_7
795_Sst Gaba_8_1,subcluster,662,CS20260131_SCLU_662,#6b6ecf,795_Sst Gaba_8_1,795_Sst Gaba_8
797_Sst Gaba_8_1,subcluster,663,CS20260131_SCLU_663,#9c9ede,797_Sst Gaba_8_1,797_Sst Gaba_8
799_Sst Gaba_9_1,subcluster,664,CS20260131_SCLU_664,#637939,799_Sst Gaba_9_1,799_Sst Gaba_9
800_Sst Gaba_9_1,subcluster,665,CS20260131_SCLU_665,#8ca252,800_Sst Gaba_9_1,800_Sst Gaba_9
801_Sst Gaba_9_1,subcluster,666,CS20260131_SCLU_666,#b5cf6b,801_Sst Gaba_9_1,801_Sst Gaba_9
803_Sst Gaba_10_1,subcluster,667,CS20260131_SCLU_667,#cedb9c,803_Sst Gaba_10_1,803_Sst Gaba_10
803_Sst Gaba_10_2,subcluster,668,CS20260131_SCLU_668,#8c6d31,803_Sst Gaba_10_2,803_Sst Gaba_10
803_Sst Gaba_10_3,subcluster,669,CS20260131_SCLU_669,#bd9e39,803_Sst Gaba_10_3,803_Sst Gaba_10
803_Sst Gaba_10_4,subcluster,670,CS20260131_SCLU_670,#e7ba52,803_Sst Gaba_10_4,803_Sst Gaba_10
803_Sst Gaba_10_5,subcluster,671,CS20260131_SCLU_671,#e7cb94,803_Sst Gaba_10_5,803_Sst Gaba_10
803_Sst Gaba_10_6,subcluster,672,CS20260131_SCLU_672,#843c39,803_Sst Gaba_10_6,803_Sst Gaba_10
806_Sst Gaba_11_1,subcluster,673,CS20260131_SCLU_673,#ad494a,806_Sst Gaba_11_1,806_Sst Gaba_11
811_Sst Gaba_13_1,subcluster,674,CS20260131_SCLU_674,#d6616b,811_Sst Gaba_13_1,811_Sst Gaba_13
811_Sst Gaba_13_2,subcluster,675,CS20260131_SCLU_675,#e7969c,811_Sst Gaba_13_2,811_Sst Gaba_13
814_Sst Gaba_14_1,subcluster,676,CS20260131_SCLU_676,#7b4173,814_Sst Gaba_14_1,814_Sst Gaba_14
818_Sst Gaba_16_1,subcluster,677,CS20260131_SCLU_677,#a55194,818_Sst Gaba_16_1,818_Sst Gaba_16
819_Sst Gaba_16_1,subcluster,678,CS20260131_SCLU_678,#ce6dbd,819_Sst Gaba_16_1,819_Sst Gaba_16
820_Sst Gaba_16_1,subcluster,679,CS20260131_SCLU_679,#de9ed6,820_Sst Gaba_16_1,820_Sst Gaba_16
820_Sst Gaba_16_2,subcluster,680,CS20260131_SCLU_680,#3182bd,820_Sst Gaba_16_2,820_Sst Gaba_16
859_Sst Chodl Gaba_4_1,subcluster,681,CS20260131_SCLU_681,#6baed6,859_Sst Chodl Gaba_4_1,859_Sst Chodl Gaba_4
859_Sst Chodl Gaba_4_2,subcluster,682,CS20260131_SCLU_682,#9ecae1,859_Sst Chodl Gaba_4_2,859_Sst Chodl Gaba_4
859_Sst Chodl Gaba_4_3,subcluster,683,CS20260131_SCLU_683,#c6dbef,859_Sst Chodl Gaba_4_3,859_Sst Chodl Gaba_4
5293_ABC NN_1_1,subcluster,684,CS20260131_SCLU_684,#cedb9c,5293_ABC NN_1_1,5293_ABC NN_1
5297_VLMC NN_1_1,subcluster,685,CS20260131_SCLU_685,#8c6d31,5297_VLMC NN_1_1,5297_VLMC NN_1
5298_VLMC NN_1_1,subcluster,686,CS20260131_SCLU_686,#bd9e39,5298_VLMC NN_1_1,5298_VLMC NN_1
5298_VLMC NN_1_2,subcluster,687,CS20260131_SCLU_687,#e7ba52,5298_VLMC NN_1_2,5298_VLMC NN_1
5298_VLMC NN_1_3,subcluster,688,CS20260131_SCLU_688,#e7cb94,5298_VLMC NN_1_3,5298_VLMC NN_1
5298_VLMC NN_1_4,subcluster,689,CS20260131_SCLU_689,#843c39,5298_VLMC NN_1_4,5298_VLMC NN_1
5301_VLMC NN_2_1,subcluster,690,CS20260131_SCLU_690,#ad494a,5301_VLMC NN_2_1,5301_VLMC NN_2
5301_VLMC NN_2_2,subcluster,691,CS20260131_SCLU_691,#d6616b,5301_VLMC NN_2_2,5301_VLMC NN_2
5301_VLMC NN_2_3,subcluster,692,CS20260131_SCLU_692,#e7969c,5301_VLMC NN_2_3,5301_VLMC NN_2
5302_VLMC NN_3_1,subcluster,693,CS20260131_SCLU_693,#7b4173,5302_VLMC NN_3_1,5302_VLMC NN_3
5302_VLMC NN_3_2,subcluster,694,CS20260131_SCLU_694,#a55194,5302_VLMC NN_3_2,5302_VLMC NN_3
5304_Peri NN_1_1,subcluster,695,CS20260131_SCLU_695,#ce6dbd,5304_Peri NN_1_1,5304_Peri NN_1
5304_Peri NN_1_2,subcluster,696,CS20260131_SCLU_696,#de9ed6,5304_Peri NN_1_2,5304_Peri NN_1
5304_Peri NN_1_3,subcluster,697,CS20260131_SCLU_697,#3182bd,5304_Peri NN_1_3,5304_Peri NN_1
5305_Peri NN_1_1,subcluster,698,CS20260131_SCLU_698,#6baed6,5305_Peri NN_1_1,5305_Peri NN_1
5306_SMC NN_1_1,subcluster,699,CS20260131_SCLU_699,#9ecae1,5306_SMC NN_1_1,5306_SMC NN_1
5307_SMC NN_1_1,subcluster,700,CS20260131_SCLU_700,#c6dbef,5307_SMC NN_1_1,5307_SMC NN_1
5309_Endo NN_1_1,subcluster,701,CS20260131_SCLU_701,#e6550d,5309_Endo NN_1_1,5309_Endo NN_1
5309_Endo NN_1_2,subcluster,702,CS20260131_SCLU_702,#fd8d3c,5309_Endo NN_1_2,5309_Endo NN_1
5310_Endo NN_1_1,subcluster,703,CS20260131_SCLU_703,#fdae6b,5310_Endo NN_1_1,5310_Endo NN_1
5311_Endo NN_1_1,subcluster,704,CS20260131_SCLU_704,#fdd0a2,5311_Endo NN_1_1,5311_Endo NN_1
5311_Endo NN_1_2,subcluster,705,CS20260131_SCLU_705,#31a354,5311_Endo NN_1_2,5311_Endo NN_1
5311_Endo NN_1_3,subcluster,706,CS20260131_SCLU_706,#74c476,5311_Endo NN_1_3,5311_Endo NN_1
5311_Endo NN_1_4,subcluster,707,CS20260131_SCLU_707,#a1d99b,5311_Endo NN_1_4,5311_Endo NN_1
5311_Endo NN_1_5,subcluster,708,CS20260131_SCLU_708,#c7e9c0,5311_Endo NN_1_5,5311_Endo NN_1
5311_Endo NN_1_6,subcluster,709,CS20260131_SCLU_709,#756bb1,5311_Endo NN_1_6,5311_Endo NN_1
5312_Microglia NN_1_1,subcluster,710,CS20260131_SCLU_710,#9e9ac8,5312_Microglia NN_1_1,5312_Microglia NN_1
5312_Microglia NN_1_2,subcluster,711,CS20260131_SCLU_711,#bcbddc,5312_Microglia NN_1_2,5312_Microglia NN_1
5312_Microglia NN_1_3,subcluster,712,CS20260131_SCLU_712,#dadaeb,5312_Microglia NN_1_3,5312_Microglia NN_1
5313_BAM NN_1_1,subcluster,713,CS20260131_SCLU_713,#636363,5313_BAM NN_1_1,5313_BAM NN_1
5314_BAM NN_1_1,subcluster,714,CS20260131_SCLU_714,#969696,5314_BAM NN_1_1,5314_BAM NN_1
E11.5,age_text,1,"",#FF9999,donor,""
E12.5,age_text,2,"",#F28C79,donor,""
E13.5,age_text,3,"",#E6865C,donor,""
E14.5,age_text,4,"",#D98741,donor,""
E15,age_text,5,"",#D28A35,donor,""
E15.5,age_text,6,"",#CC8D29,donor,""
E16,age_text,7,"",#C5921E,donor,""
E16.5,age_text,8,"",#BF9813,donor,""
E17,age_text,9,"",#B3A500,donor,""
E17.5,age_text,10,"",#A1A663,donor,""
E18,age_text,11,"",#87994D,donor,""
E18.5,age_text,12,"",#C4FF66,donor,""
P0,age_text,13,"",#97F249,donor,""
P1,age_text,14,"",#66E62E,donor,""
P2,age_text,15,"",#34D916,donor,""
P3,age_text,16,"",#00CC00,donor,""
P4,age_text,17,"",#73BF7F,donor,""
P5,age_text,18,"",#59B375,donor,""
P6,age_text,19,"",#42A670,donor,""
P7,age_text,20,"",#2E9970,donor,""
P8,age_text,21,"",#33FFD0,donor,""
P9,age_text,22,"",#18F2E1,donor,""
P10,age_text,23,"",#00D4E6,donor,""
P11,age_text,24,"",#82C5D9,donor,""
P12,age_text,25,"",#66A5CC,donor,""
P13,age_text,26,"",#4D81BF,donor,""
P14,age_text,27,"",#365CB3,donor,""
P15,age_text,28,"",#2136A6,donor,""
P16,age_text,29,"",#0F0F99,donor,""
P17,age_text,30,"",#2700FF,donor,""
P19,age_text,31,"",#AF91F2,donor,""
P20,age_text,32,"",#A873E6,donor,""
P21,age_text,33,"",#A757D9,donor,""
P23,age_text,34,"",#AB3DCC,donor,""
P25,age_text,35,"",#B326BF,donor,""
P28,age_text,36,"",#B312A6,donor,""
P56,age_text,37,"",#C30000,donor,""
P127,age_text,38,"",#BD9E39,donor,""
